Runda,Budynki,Domy,Biurowce,Sklepy,Fabryki,Puste,Mieszkancy,Miejsca_pracy,zadowolenie
0,361,82,86,98,95,0,410,3929,17.52908587257618,
1,361,83,86,98,94,0,423,3906,20.265927977839336,
2,361,82,87,98,94,0,419,3907,20.42105263157895,
3,361,82,87,99,93,0,419,3860,21.221606648199447,
4,361,81,87,99,94,0,415,3688,21.941828254847646,
5,361,81,87,99,94,0,433,3688,24.670360110803323,
6,361,80,88,99,94,0,429,3705,24.736842105263158,
7,361,80,88,99,94,0,429,3709,24.8393351800554,
8,361,80,88,98,95,0,429,3945,24.1994459833795,
9,361,81,88,98,94,0,313,3943,26.79224376731302,
10,361,80,89,98,94,0,309,3967,26.914127423822716,
11,361,79,89,99,94,0,305,3975,27.41551246537396,
12,361,79,89,99,94,0,305,4171,27.024930747922436,
13,361,80,89,99,93,0,317,4169,29.822714681440445,
14,361,79,90,99,93,0,313,4195,29.897506925207757,
15,361,78,90,100,93,0,309,4213,30.121883656509695,
16,361,78,90,100,93,0,309,4503,29.29639889196676,
17,361,79,90,100,92,0,313,4501,29.221606648199447,
18,361,78,91,100,92,0,309,4523,29.321329639889196,
19,361,77,91,101,92,0,305,4533,29.39612188365651,
20,361,77,91,100,93,0,305,4747,28.997229916897506,
21,361,78,91,100,92,0,309,4745,29.941828254847646,
22,361,77,92,100,92,0,304,4762,29.889196675900276,
23,361,76,92,101,92,0,300,4774,30.083102493074794,
24,361,76,92,100,93,0,300,4943,30.01108033240997,
25,361,77,92,100,92,0,304,4941,29.916897506925206,
26,361,76,93,100,92,0,300,4959,30.013850415512465,
27,361,75,93,101,92,0,296,4973,30.249307479224377,
28,361,75,93,100,93,0,296,5126,30.0803324099723,
29,361,76,93,100,92,0,300,5124,30.193905817174514,
30,361,75,94,100,92,0,296,5142,30.274238227146814,
31,361,74,94,101,92,0,292,5146,30.42382271468144,
32,361,74,94,101,92,0,292,5205,30.2797783933518,
33,361,75,94,101,91,0,296,5203,30.265927977839336,
34,361,75,95,100,91,0,296,5221,30.343490304709142,
35,361,75,95,101,90,0,296,5219,30.545706371191137,
36,361,75,95,100,91,0,296,5217,30.750692520775623,
37,361,76,95,100,90,0,299,5215,30.7202216066482,
38,361,76,96,100,89,0,299,5230,30.803324099722992,
39,361,76,96,100,89,0,299,5234,30.770083102493075,
40,361,76,96,99,90,0,299,5261,30.897506925207757,
41,361,77,96,99,89,0,302,5259,30.753462603878116,
42,361,76,97,99,89,0,298,5277,30.842105263157894,
43,361,75,97,100,89,0,294,5283,30.911357340720222,
44,361,75,97,99,90,0,294,5369,30.85595567867036,
45,361,76,97,98,90,0,299,5367,32.174515235457065,
46,361,76,98,98,89,0,299,5382,32.24930747922438,
47,361,76,98,99,88,0,299,5384,32.390581717451525,
48,361,76,98,98,89,0,299,5445,32.09972299168975,
49,361,77,98,98,88,0,303,5443,32.11080332409972,
50,361,76,99,98,88,0,299,5459,32.232686980609415,
51,361,76,99,99,87,0,299,5461,32.30470914127424,
52,361,76,99,98,88,0,299,5526,32.096952908587255,
53,361,77,99,98,87,0,302,5524,31.952908587257618,
54,361,76,100,98,87,0,298,5542,32.091412742382275,
55,361,75,100,99,87,0,293,5548,32.07479224376731,
56,361,75,100,98,88,0,293,5596,32.00554016620499,
57,361,75,100,98,88,0,292,5596,31.916897506925206,
58,361,74,101,98,88,0,288,5615,31.994459833795013,
59,361,74,101,98,88,0,288,5613,32.02216066481994,
60,361,74,101,97,89,0,288,5661,31.966759002770083,
61,361,75,101,97,88,0,290,5659,31.656509695290858,
62,361,74,102,97,88,0,286,5677,31.750692520775623,
63,361,73,102,98,88,0,282,5675,31.72853185595568,
64,361,73,102,98,88,0,282,5675,31.73130193905817,
65,361,74,102,98,87,0,286,5652,31.78393351800554,
66,361,73,103,98,87,0,282,5671,31.867036011080334,
67,361,72,103,99,87,0,278,5671,31.778393351800553,
68,361,72,103,98,88,0,278,5694,31.825484764542935,
69,361,72,103,98,88,0,278,5694,31.825484764542935,
70,361,71,104,98,88,0,274,5712,31.905817174515235,
71,361,71,104,99,87,0,274,5712,31.98891966759003,
72,361,71,104,98,88,0,274,5735,31.94736842105263,
73,361,72,104,98,87,0,278,5712,32.013850415512465,
74,361,71,105,98,87,0,274,5730,32.10249307479224,
75,361,71,105,99,86,0,274,5730,32.1578947368421,
76,361,71,105,98,87,0,274,5753,32.16343490304709,
77,361,72,105,98,86,0,278,5751,32.18836565096953,
78,361,72,106,97,86,0,278,5769,32.24653739612188,
79,361,72,106,97,86,0,278,5769,32.24653739612188,
80,361,72,106,96,87,0,278,5767,32.26592797783933,
81,361,73,106,96,86,0,282,5765,32.26038781163435,
82,361,72,107,96,86,0,278,5783,32.3185595567867,
83,361,72,107,97,85,0,278,5781,32.31578947368421,
84,361,72,107,96,86,0,278,5783,32.3185595567867,
85,361,73,107,96,85,0,282,5781,32.40997229916898,
86,361,72,108,96,85,0,278,5798,32.45429362880886,
87,361,71,108,97,85,0,274,5798,32.38781163434903,
88,361,71,108,96,86,0,274,5800,32.52354570637119,
89,361,72,108,96,85,0,277,5777,32.34903047091413,
90,361,71,109,96,85,0,273,5795,32.45429362880886,
91,361,71,109,96,85,0,273,5795,32.45429362880886,
92,361,71,109,95,86,0,273,5816,32.62049861495845,
93,361,71,109,95,86,0,272,5816,32.46537396121884,
94,361,70,110,95,86,0,268,5834,32.556786703601105,
95,361,69,110,96,86,0,263,5836,32.40443213296399,
96,361,69,110,95,87,0,263,5836,32.39612188365651,
97,361,70,110,95,86,0,267,5834,32.40166204986149,
98,361,69,111,95,86,0,263,5852,32.48199445983379,
99,361,68,111,96,86,0,259,5854,32.38781163434903,
100,361,68,111,95,87,0,259,5875,32.526315789473685,
101,361,68,111,95,87,0,259,5875,32.526315789473685,
102,361,67,112,95,87,0,255,5893,32.56786703601108,
103,361,67,112,96,86,0,255,5872,32.50415512465374,
104,361,67,112,95,87,0,255,5893,32.56786703601108,
105,361,68,112,95,86,0,259,5870,32.54847645429363,
106,361,67,113,95,86,0,255,5888,32.62880886426593,
107,361,67,113,96,85,0,255,5865,32.64265927977839,
108,361,67,113,95,86,0,255,5888,32.62880886426593,
109,361,68,113,95,85,0,259,5865,32.62603878116344,
110,361,67,114,95,85,0,255,5883,32.67590027700831,
111,361,67,114,95,85,0,255,5883,32.67590027700831,
112,361,67,114,94,86,0,255,5885,32.659279778393355,
113,361,68,114,94,85,0,259,5883,32.62603878116344,
114,361,67,115,94,85,0,255,5900,32.714681440443215,
115,361,67,115,94,85,0,255,5900,32.714681440443215,
116,361,67,115,93,86,0,255,5902,32.692520775623265,
117,361,68,115,93,85,0,259,5900,32.662049861495845,
118,361,67,116,93,85,0,255,5918,32.74792243767313,
119,361,67,116,94,84,0,255,5914,32.745152354570635,
120,361,67,116,93,85,0,255,5916,32.77839335180055,
121,361,68,116,93,84,0,259,5914,32.73407202216067,
122,361,67,117,93,84,0,255,5932,32.795013850415515,
123,361,67,117,94,83,0,255,5930,32.76454293628809,
124,361,67,117,93,84,0,255,5911,32.800554016620495,
125,361,68,117,93,83,0,259,5909,33.14404432132964,
126,361,68,118,93,82,0,259,5925,33.18559556786703,
127,361,68,118,93,82,0,259,5925,33.18559556786703,
128,361,68,118,92,83,0,259,5921,33.13296398891967,
129,361,69,118,92,82,0,263,5898,33.149584487534625,
130,361,68,119,92,82,0,259,5916,33.24653739612188,
131,361,68,118,93,82,0,259,5899,33.10803324099723,
132,361,68,118,92,83,0,259,5880,33.21606648199446,
133,361,69,118,92,82,0,263,5878,33.121883656509695,
134,361,68,119,92,82,0,259,5895,33.25207756232687,
135,361,68,118,93,82,0,259,5878,33.11357340720222,
136,361,68,118,92,83,0,259,5863,33.22160664819945,
137,361,69,118,92,82,0,263,5861,33.12742382271468,
138,361,68,119,92,82,0,259,5878,33.257617728531855,
139,361,68,118,93,82,0,259,5861,33.119113573407205,
140,361,68,118,92,83,0,259,5842,33.227146814404435,
141,361,69,118,92,82,0,263,5840,33.13296398891967,
142,361,68,119,92,82,0,259,5857,33.26315789473684,
143,361,68,118,93,82,0,259,5840,33.124653739612185,
144,361,68,118,92,83,0,259,5842,33.227146814404435,
145,361,69,118,92,82,0,263,5840,33.13296398891967,
146,361,68,119,92,82,0,259,5857,33.26315789473684,
147,361,68,118,93,82,0,259,5840,33.124653739612185,
148,361,68,118,92,83,0,259,5842,33.227146814404435,
149,361,69,118,92,82,0,263,5840,33.13296398891967,
150,361,68,119,92,82,0,259,5857,33.26315789473684,
151,361,68,118,93,82,0,259,5840,33.124653739612185,
152,361,68,118,92,83,0,259,5842,33.227146814404435,
153,361,69,118,92,82,0,263,5840,33.13296398891967,
154,361,68,119,92,82,0,259,5857,33.26315789473684,
155,361,68,118,93,82,0,259,5840,33.124653739612185,
156,361,68,118,92,83,0,259,5842,33.227146814404435,
157,361,69,118,92,82,0,263,5840,33.13296398891967,
158,361,68,119,92,82,0,259,5857,33.26315789473684,
159,361,68,118,93,82,0,259,5840,33.124653739612185,
160,361,68,118,92,83,0,259,5842,33.227146814404435,
161,361,69,118,92,82,0,263,5840,33.13296398891967,
162,361,68,119,92,82,0,259,5857,33.26315789473684,
163,361,68,118,93,82,0,259,5840,33.124653739612185,
164,361,68,118,92,83,0,259,5842,33.227146814404435,
165,361,69,118,92,82,0,263,5840,33.13296398891967,
166,361,68,119,92,82,0,259,5857,33.26315789473684,
167,361,68,118,93,82,0,259,5840,33.124653739612185,
168,361,68,118,92,83,0,259,5842,33.227146814404435,
169,361,69,118,92,82,0,263,5840,33.13296398891967,
170,361,68,119,92,82,0,259,5857,33.26315789473684,
171,361,68,118,93,82,0,259,5840,33.124653739612185,
172,361,68,118,92,83,0,259,5842,33.227146814404435,
173,361,69,118,92,82,0,263,5840,33.13296398891967,
174,361,68,119,92,82,0,259,5857,33.26315789473684,
175,361,68,118,93,82,0,259,5840,33.124653739612185,
176,361,68,118,92,83,0,259,5842,33.227146814404435,
177,361,69,118,92,82,0,263,5840,33.13296398891967,
178,361,68,119,92,82,0,259,5857,33.26315789473684,
179,361,68,118,93,82,0,259,5840,33.124653739612185,
180,361,68,118,92,83,0,259,5842,33.227146814404435,
181,361,69,118,92,82,0,263,5840,33.13296398891967,
182,361,68,119,92,82,0,259,5857,33.26315789473684,
183,361,68,118,93,82,0,259,5840,33.124653739612185,
184,361,68,118,92,83,0,259,5842,33.227146814404435,
185,361,69,118,92,82,0,263,5840,33.13296398891967,
186,361,68,119,92,82,0,259,5857,33.26315789473684,
187,361,68,118,93,82,0,259,5840,33.124653739612185,
188,361,68,118,92,83,0,259,5842,33.227146814404435,
189,361,69,118,92,82,0,263,5840,33.13296398891967,
190,361,68,119,92,82,0,259,5857,33.26315789473684,
191,361,68,118,93,82,0,259,5840,33.124653739612185,
192,361,68,118,92,83,0,259,5842,33.227146814404435,
193,361,69,118,92,82,0,263,5840,33.13296398891967,
194,361,68,119,92,82,0,259,5857,33.26315789473684,
195,361,68,118,93,82,0,259,5840,33.124653739612185,
196,361,68,118,92,83,0,259,5842,33.227146814404435,
197,361,69,118,92,82,0,263,5840,33.13296398891967,
198,361,68,119,92,82,0,259,5857,33.26315789473684,
199,361,68,118,93,82,0,259,5840,33.124653739612185,
200,361,68,118,92,83,0,259,5842,33.227146814404435,
201,361,69,118,92,82,0,263,5840,33.13296398891967,
202,361,68,119,92,82,0,259,5857,33.26315789473684,
203,361,68,118,93,82,0,259,5840,33.124653739612185,
204,361,68,118,92,83,0,259,5842,33.227146814404435,
205,361,69,118,92,82,0,263,5840,33.13296398891967,
206,361,68,119,92,82,0,259,5857,33.26315789473684,
207,361,68,118,93,82,0,259,5840,33.124653739612185,
208,361,68,118,92,83,0,259,5842,33.227146814404435,
209,361,69,118,92,82,0,263,5840,33.13296398891967,
210,361,68,119,92,82,0,259,5857,33.26315789473684,
211,361,68,118,93,82,0,259,5840,33.124653739612185,
212,361,68,118,92,83,0,259,5842,33.227146814404435,
213,361,69,118,92,82,0,263,5840,33.13296398891967,
214,361,68,119,92,82,0,259,5857,33.26315789473684,
215,361,68,118,93,82,0,259,5840,33.124653739612185,
216,361,68,118,92,83,0,259,5842,33.227146814404435,
217,361,69,118,92,82,0,263,5840,33.13296398891967,
218,361,68,119,92,82,0,259,5857,33.26315789473684,
219,361,68,118,93,82,0,259,5840,33.124653739612185,
220,361,68,118,92,83,0,259,5842,33.227146814404435,
221,361,69,118,92,82,0,263,5840,33.13296398891967,
222,361,68,119,92,82,0,259,5857,33.26315789473684,
223,361,68,118,93,82,0,259,5840,33.124653739612185,
224,361,68,118,92,83,0,259,5842,33.227146814404435,
225,361,69,118,92,82,0,263,5840,33.13296398891967,
226,361,68,119,92,82,0,259,5857,33.26315789473684,
227,361,68,118,93,82,0,259,5840,33.124653739612185,
228,361,68,118,92,83,0,259,5842,33.227146814404435,
229,361,69,118,92,82,0,263,5840,33.13296398891967,
230,361,68,119,92,82,0,259,5857,33.26315789473684,
231,361,68,118,93,82,0,259,5840,33.124653739612185,
232,361,68,118,92,83,0,259,5842,33.227146814404435,
233,361,69,118,92,82,0,263,5840,33.13296398891967,
234,361,68,119,92,82,0,259,5857,33.26315789473684,
235,361,68,118,93,82,0,259,5840,33.124653739612185,
236,361,68,118,92,83,0,259,5842,33.227146814404435,
237,361,69,118,92,82,0,263,5840,33.13296398891967,
238,361,68,119,92,82,0,259,5857,33.26315789473684,
239,361,68,118,93,82,0,259,5840,33.124653739612185,
240,361,68,118,92,83,0,259,5842,33.227146814404435,
241,361,69,118,92,82,0,263,5840,33.13296398891967,
242,361,68,119,92,82,0,259,5857,33.26315789473684,
243,361,68,118,93,82,0,259,5840,33.124653739612185,
244,361,68,118,92,83,0,259,5842,33.227146814404435,
245,361,69,118,92,82,0,263,5840,33.13296398891967,
246,361,68,119,92,82,0,259,5857,33.26315789473684,
247,361,68,118,93,82,0,259,5840,33.124653739612185,
248,361,68,118,92,83,0,259,5842,33.227146814404435,
249,361,69,118,92,82,0,263,5840,33.13296398891967,
250,361,68,119,92,82,0,259,5857,33.26315789473684,
251,361,68,118,93,82,0,259,5840,33.124653739612185,
252,361,68,118,92,83,0,259,5842,33.227146814404435,
253,361,69,118,92,82,0,263,5840,33.13296398891967,
254,361,68,119,92,82,0,259,5857,33.26315789473684,
255,361,68,118,93,82,0,259,5840,33.124653739612185,
256,361,68,118,92,83,0,259,5842,33.227146814404435,
257,361,69,118,92,82,0,263,5840,33.13296398891967,
258,361,68,119,92,82,0,259,5857,33.26315789473684,
259,361,68,118,93,82,0,259,5840,33.124653739612185,
260,361,68,118,92,83,0,259,5842,33.227146814404435,
261,361,69,118,92,82,0,263,5840,33.13296398891967,
262,361,68,119,92,82,0,259,5857,33.26315789473684,
263,361,68,118,93,82,0,259,5840,33.124653739612185,
264,361,68,118,92,83,0,259,5842,33.227146814404435,
265,361,69,118,92,82,0,263,5840,33.13296398891967,
266,361,68,119,92,82,0,259,5857,33.26315789473684,
267,361,68,118,93,82,0,259,5840,33.124653739612185,
268,361,68,118,92,83,0,259,5842,33.227146814404435,
269,361,69,118,92,82,0,263,5840,33.13296398891967,
270,361,68,119,92,82,0,259,5857,33.26315789473684,
271,361,68,118,93,82,0,259,5840,33.124653739612185,
272,361,68,118,92,83,0,259,5842,33.227146814404435,
273,361,69,118,92,82,0,263,5840,33.13296398891967,
274,361,68,119,92,82,0,259,5857,33.26315789473684,
275,361,68,118,93,82,0,259,5840,33.124653739612185,
276,361,68,118,92,83,0,259,5842,33.227146814404435,
277,361,69,118,92,82,0,263,5840,33.13296398891967,
278,361,68,119,92,82,0,259,5857,33.26315789473684,
279,361,68,118,93,82,0,259,5840,33.124653739612185,
280,361,68,118,92,83,0,259,5842,33.227146814404435,
281,361,69,118,92,82,0,263,5840,33.13296398891967,
282,361,68,119,92,82,0,259,5857,33.26315789473684,
283,361,68,118,93,82,0,259,5840,33.124653739612185,
284,361,68,118,92,83,0,259,5842,33.227146814404435,
285,361,69,118,92,82,0,263,5840,33.13296398891967,
286,361,68,119,92,82,0,259,5857,33.26315789473684,
287,361,68,118,93,82,0,259,5840,33.124653739612185,
288,361,68,118,92,83,0,259,5842,33.227146814404435,
289,361,69,118,92,82,0,263,5840,33.13296398891967,
290,361,68,119,92,82,0,259,5857,33.26315789473684,
291,361,68,118,93,82,0,259,5840,33.124653739612185,
292,361,68,118,92,83,0,259,5842,33.227146814404435,
293,361,69,118,92,82,0,263,5840,33.13296398891967,
294,361,68,119,92,82,0,259,5857,33.26315789473684,
295,361,68,118,93,82,0,259,5840,33.124653739612185,
296,361,68,118,92,83,0,259,5842,33.227146814404435,
297,361,69,118,92,82,0,263,5840,33.13296398891967,
298,361,68,119,92,82,0,259,5857,33.26315789473684,
299,361,68,118,93,82,0,259,5840,33.124653739612185,
300,361,68,118,92,83,0,259,5842,33.227146814404435,
301,361,69,118,92,82,0,263,5840,33.13296398891967,
302,361,68,119,92,82,0,259,5857,33.26315789473684,
303,361,68,118,93,82,0,259,5840,33.124653739612185,
304,361,68,118,92,83,0,259,5842,33.227146814404435,
305,361,69,118,92,82,0,263,5840,33.13296398891967,
306,361,68,119,92,82,0,259,5857,33.26315789473684,
307,361,68,118,93,82,0,259,5840,33.124653739612185,
308,361,68,118,92,83,0,259,5842,33.227146814404435,
309,361,69,118,92,82,0,263,5840,33.13296398891967,
310,361,68,119,92,82,0,259,5857,33.26315789473684,
311,361,68,118,93,82,0,259,5840,33.124653739612185,
312,361,68,118,92,83,0,259,5842,33.227146814404435,
313,361,69,118,92,82,0,263,5840,33.13296398891967,
314,361,68,119,92,82,0,259,5857,33.26315789473684,
315,361,68,118,93,82,0,259,5840,33.124653739612185,
316,361,68,118,92,83,0,259,5842,33.227146814404435,
317,361,69,118,92,82,0,263,5840,33.13296398891967,
318,361,68,119,92,82,0,259,5857,33.26315789473684,
319,361,68,118,93,82,0,259,5840,33.124653739612185,
320,361,68,118,92,83,0,259,5842,33.227146814404435,
321,361,69,118,92,82,0,263,5840,33.13296398891967,
322,361,68,119,92,82,0,259,5857,33.26315789473684,
323,361,68,118,93,82,0,259,5840,33.124653739612185,
324,361,68,118,92,83,0,259,5842,33.227146814404435,
325,361,69,118,92,82,0,263,5840,33.13296398891967,
326,361,68,119,92,82,0,259,5857,33.26315789473684,
327,361,68,118,93,82,0,259,5840,33.124653739612185,
328,361,68,118,92,83,0,259,5842,33.227146814404435,
329,361,69,118,92,82,0,263,5840,33.13296398891967,
330,361,68,119,92,82,0,259,5857,33.26315789473684,
331,361,68,118,93,82,0,259,5840,33.124653739612185,
332,361,68,118,92,83,0,259,5842,33.227146814404435,
333,361,69,118,92,82,0,263,5840,33.13296398891967,
334,361,68,119,92,82,0,259,5857,33.26315789473684,
335,361,68,118,93,82,0,259,5840,33.124653739612185,
336,361,68,118,92,83,0,259,5842,33.227146814404435,
337,361,69,118,92,82,0,263,5840,33.13296398891967,
338,361,68,119,92,82,0,259,5857,33.26315789473684,
339,361,68,118,93,82,0,259,5840,33.124653739612185,
340,361,68,118,92,83,0,259,5842,33.227146814404435,
341,361,69,118,92,82,0,263,5840,33.13296398891967,
342,361,68,119,92,82,0,259,5857,33.26315789473684,
343,361,68,118,93,82,0,259,5840,33.124653739612185,
344,361,68,118,92,83,0,259,5842,33.227146814404435,
345,361,69,118,92,82,0,263,5840,33.13296398891967,
346,361,68,119,92,82,0,259,5857,33.26315789473684,
347,361,68,118,93,82,0,259,5840,33.124653739612185,
348,361,68,118,92,83,0,259,5842,33.227146814404435,
349,361,69,118,92,82,0,263,5840,33.13296398891967,
350,361,68,119,92,82,0,259,5857,33.26315789473684,
351,361,68,118,93,82,0,259,5840,33.124653739612185,
352,361,68,118,92,83,0,259,5842,33.227146814404435,
353,361,69,118,92,82,0,263,5840,33.13296398891967,
354,361,68,119,92,82,0,259,5857,33.26315789473684,
355,361,68,118,93,82,0,259,5840,33.124653739612185,
356,361,68,118,92,83,0,259,5842,33.227146814404435,
357,361,69,118,92,82,0,263,5840,33.13296398891967,
358,361,68,119,92,82,0,259,5857,33.26315789473684,
359,361,68,118,93,82,0,259,5840,33.124653739612185,
360,361,68,118,92,83,0,259,5842,33.227146814404435,
361,361,69,118,92,82,0,263,5840,33.13296398891967,
362,361,68,119,92,82,0,259,5857,33.26315789473684,
363,361,68,118,93,82,0,259,5840,33.124653739612185,
364,361,68,118,92,83,0,259,5842,33.227146814404435,
365,361,69,118,92,82,0,263,5840,33.13296398891967,
366,361,68,119,92,82,0,259,5857,33.26315789473684,
367,361,68,118,93,82,0,259,5840,33.124653739612185,
368,361,68,118,92,83,0,259,5842,33.227146814404435,
369,361,69,118,92,82,0,263,5840,33.13296398891967,
370,361,68,119,92,82,0,259,5857,33.26315789473684,
371,361,68,118,93,82,0,259,5840,33.124653739612185,
372,361,68,118,92,83,0,259,5842,33.227146814404435,
373,361,69,118,92,82,0,263,5840,33.13296398891967,
374,361,68,119,92,82,0,259,5857,33.26315789473684,
375,361,68,118,93,82,0,259,5840,33.124653739612185,
376,361,68,118,92,83,0,259,5842,33.227146814404435,
377,361,69,118,92,82,0,263,5840,33.13296398891967,
378,361,68,119,92,82,0,259,5857,33.26315789473684,
379,361,68,118,93,82,0,259,5840,33.124653739612185,
380,361,68,118,92,83,0,259,5842,33.227146814404435,
381,361,69,118,92,82,0,263,5840,33.13296398891967,
382,361,68,119,92,82,0,259,5857,33.26315789473684,
383,361,68,118,93,82,0,259,5840,33.124653739612185,
384,361,68,118,92,83,0,259,5842,33.227146814404435,
385,361,69,118,92,82,0,263,5840,33.13296398891967,
386,361,68,119,92,82,0,259,5857,33.26315789473684,
387,361,68,118,93,82,0,259,5840,33.124653739612185,
388,361,68,118,92,83,0,259,5842,33.227146814404435,
389,361,69,118,92,82,0,263,5840,33.13296398891967,
390,361,68,119,92,82,0,259,5857,33.26315789473684,
391,361,68,118,93,82,0,259,5840,33.124653739612185,
392,361,68,118,92,83,0,259,5842,33.227146814404435,
393,361,69,118,92,82,0,263,5840,33.13296398891967,
394,361,68,119,92,82,0,259,5857,33.26315789473684,
395,361,68,118,93,82,0,259,5840,33.124653739612185,
396,361,68,118,92,83,0,259,5842,33.227146814404435,
397,361,69,118,92,82,0,263,5840,33.13296398891967,
398,361,68,119,92,82,0,259,5857,33.26315789473684,
399,361,68,118,93,82,0,259,5840,33.124653739612185,
400,361,68,118,92,83,0,259,5842,33.227146814404435,
401,361,69,118,92,82,0,263,5840,33.13296398891967,
402,361,68,119,92,82,0,259,5857,33.26315789473684,
403,361,68,118,93,82,0,259,5840,33.124653739612185,
404,361,68,118,92,83,0,259,5842,33.227146814404435,
405,361,69,118,92,82,0,263,5840,33.13296398891967,
406,361,68,119,92,82,0,259,5857,33.26315789473684,
407,361,68,118,93,82,0,259,5840,33.124653739612185,
408,361,68,118,92,83,0,259,5842,33.227146814404435,
409,361,69,118,92,82,0,263,5840,33.13296398891967,
410,361,68,119,92,82,0,259,5857,33.26315789473684,
411,361,68,118,93,82,0,259,5840,33.124653739612185,
412,361,68,118,92,83,0,259,5842,33.227146814404435,
413,361,69,118,92,82,0,263,5840,33.13296398891967,
414,361,68,119,92,82,0,259,5857,33.26315789473684,
415,361,68,118,93,82,0,259,5840,33.124653739612185,
416,361,68,118,92,83,0,259,5842,33.227146814404435,
417,361,69,118,92,82,0,263,5840,33.13296398891967,
418,361,68,119,92,82,0,259,5857,33.26315789473684,
419,361,68,118,93,82,0,259,5840,33.124653739612185,
420,361,68,118,92,83,0,259,5842,33.227146814404435,
421,361,69,118,92,82,0,263,5840,33.13296398891967,
422,361,68,119,92,82,0,259,5857,33.26315789473684,
423,361,68,118,93,82,0,259,5840,33.124653739612185,
424,361,68,118,92,83,0,259,5842,33.227146814404435,
425,361,69,118,92,82,0,263,5840,33.13296398891967,
426,361,68,119,92,82,0,259,5857,33.26315789473684,
427,361,68,118,93,82,0,259,5840,33.124653739612185,
428,361,68,118,92,83,0,259,5842,33.227146814404435,
429,361,69,118,92,82,0,263,5840,33.13296398891967,
430,361,68,119,92,82,0,259,5857,33.26315789473684,
431,361,68,118,93,82,0,259,5840,33.124653739612185,
432,361,68,118,92,83,0,259,5842,33.227146814404435,
433,361,69,118,92,82,0,263,5840,33.13296398891967,
434,361,68,119,92,82,0,259,5857,33.26315789473684,
435,361,68,118,93,82,0,259,5840,33.124653739612185,
436,361,68,118,92,83,0,259,5842,33.227146814404435,
437,361,69,118,92,82,0,263,5840,33.13296398891967,
438,361,68,119,92,82,0,259,5857,33.26315789473684,
439,361,68,118,93,82,0,259,5840,33.124653739612185,
440,361,68,118,92,83,0,259,5842,33.227146814404435,
441,361,69,118,92,82,0,263,5840,33.13296398891967,
442,361,68,119,92,82,0,259,5857,33.26315789473684,
443,361,68,118,93,82,0,259,5840,33.124653739612185,
444,361,68,118,92,83,0,259,5842,33.227146814404435,
445,361,69,118,92,82,0,263,5840,33.13296398891967,
446,361,68,119,92,82,0,259,5857,33.26315789473684,
447,361,68,118,93,82,0,259,5840,33.124653739612185,
448,361,68,118,92,83,0,259,5842,33.227146814404435,
449,361,69,118,92,82,0,263,5840,33.13296398891967,
450,361,68,119,92,82,0,259,5857,33.26315789473684,
451,361,68,118,93,82,0,259,5840,33.124653739612185,
452,361,68,118,92,83,0,259,5842,33.227146814404435,
453,361,69,118,92,82,0,263,5840,33.13296398891967,
454,361,68,119,92,82,0,259,5857,33.26315789473684,
455,361,68,118,93,82,0,259,5840,33.124653739612185,
456,361,68,118,92,83,0,259,5842,33.227146814404435,
457,361,69,118,92,82,0,263,5840,33.13296398891967,
458,361,68,119,92,82,0,259,5857,33.26315789473684,
459,361,68,118,93,82,0,259,5840,33.124653739612185,
460,361,68,118,92,83,0,259,5842,33.227146814404435,
461,361,69,118,92,82,0,263,5840,33.13296398891967,
462,361,68,119,92,82,0,259,5857,33.26315789473684,
463,361,68,118,93,82,0,259,5840,33.124653739612185,
464,361,68,118,92,83,0,259,5842,33.227146814404435,
465,361,69,118,92,82,0,263,5840,33.13296398891967,
466,361,68,119,92,82,0,259,5857,33.26315789473684,
467,361,68,118,93,82,0,259,5840,33.124653739612185,
468,361,68,118,92,83,0,259,5842,33.227146814404435,
469,361,69,118,92,82,0,263,5840,33.13296398891967,
470,361,68,119,92,82,0,259,5857,33.26315789473684,
471,361,68,118,93,82,0,259,5840,33.124653739612185,
472,361,68,118,92,83,0,259,5842,33.227146814404435,
473,361,69,118,92,82,0,263,5840,33.13296398891967,
474,361,68,119,92,82,0,259,5857,33.26315789473684,
475,361,68,118,93,82,0,259,5840,33.124653739612185,
476,361,68,118,92,83,0,259,5842,33.227146814404435,
477,361,69,118,92,82,0,263,5840,33.13296398891967,
478,361,68,119,92,82,0,259,5857,33.26315789473684,
479,361,68,118,93,82,0,259,5840,33.124653739612185,
480,361,68,118,92,83,0,259,5842,33.227146814404435,
481,361,69,118,92,82,0,263,5840,33.13296398891967,
482,361,68,119,92,82,0,259,5857,33.26315789473684,
483,361,68,118,93,82,0,259,5840,33.124653739612185,
484,361,68,118,92,83,0,259,5842,33.227146814404435,
485,361,69,118,92,82,0,263,5840,33.13296398891967,
486,361,68,119,92,82,0,259,5857,33.26315789473684,
487,361,68,118,93,82,0,259,5840,33.124653739612185,
488,361,68,118,92,83,0,259,5842,33.227146814404435,
489,361,69,118,92,82,0,263,5840,33.13296398891967,
490,361,68,119,92,82,0,259,5857,33.26315789473684,
491,361,68,118,93,82,0,259,5840,33.124653739612185,
492,361,68,118,92,83,0,259,5842,33.227146814404435,
493,361,69,118,92,82,0,263,5840,33.13296398891967,
494,361,68,119,92,82,0,259,5857,33.26315789473684,
495,361,68,118,93,82,0,259,5840,33.124653739612185,
496,361,68,118,92,83,0,259,5842,33.227146814404435,
497,361,69,118,92,82,0,263,5840,33.13296398891967,
498,361,68,119,92,82,0,259,5857,33.26315789473684,
499,361,68,118,93,82,0,259,5840,33.124653739612185,
500,361,68,118,92,83,0,259,5842,33.227146814404435,
501,361,69,118,92,82,0,263,5840,33.13296398891967,
502,361,68,119,92,82,0,259,5857,33.26315789473684,
503,361,68,118,93,82,0,259,5840,33.124653739612185,
504,361,68,118,92,83,0,259,5842,33.227146814404435,
505,361,69,118,92,82,0,263,5840,33.13296398891967,
506,361,68,119,92,82,0,259,5857,33.26315789473684,
507,361,68,118,93,82,0,259,5840,33.124653739612185,
508,361,68,118,92,83,0,259,5842,33.227146814404435,
509,361,69,118,92,82,0,263,5840,33.13296398891967,
510,361,68,119,92,82,0,259,5857,33.26315789473684,
511,361,68,118,93,82,0,259,5840,33.124653739612185,
512,361,68,118,92,83,0,259,5842,33.227146814404435,
513,361,69,118,92,82,0,263,5840,33.13296398891967,
514,361,68,119,92,82,0,259,5857,33.26315789473684,
515,361,68,118,93,82,0,259,5840,33.124653739612185,
516,361,68,118,92,83,0,259,5842,33.227146814404435,
517,361,69,118,92,82,0,263,5840,33.13296398891967,
518,361,68,119,92,82,0,259,5857,33.26315789473684,
519,361,68,118,93,82,0,259,5840,33.124653739612185,
520,361,68,118,92,83,0,259,5842,33.227146814404435,
521,361,69,118,92,82,0,263,5840,33.13296398891967,
522,361,68,119,92,82,0,259,5857,33.26315789473684,
523,361,68,118,93,82,0,259,5840,33.124653739612185,
524,361,68,118,92,83,0,259,5842,33.227146814404435,
525,361,69,118,92,82,0,263,5840,33.13296398891967,
526,361,68,119,92,82,0,259,5857,33.26315789473684,
527,361,68,118,93,82,0,259,5840,33.124653739612185,
528,361,68,118,92,83,0,259,5842,33.227146814404435,
529,361,69,118,92,82,0,263,5840,33.13296398891967,
530,361,68,119,92,82,0,259,5857,33.26315789473684,
531,361,68,118,93,82,0,259,5840,33.124653739612185,
532,361,68,118,92,83,0,259,5842,33.227146814404435,
533,361,69,118,92,82,0,263,5840,33.13296398891967,
534,361,68,119,92,82,0,259,5857,33.26315789473684,
535,361,68,118,93,82,0,259,5840,33.124653739612185,
536,361,68,118,92,83,0,259,5842,33.227146814404435,
537,361,69,118,92,82,0,263,5840,33.13296398891967,
538,361,68,119,92,82,0,259,5857,33.26315789473684,
539,361,68,118,93,82,0,259,5840,33.124653739612185,
540,361,68,118,92,83,0,259,5842,33.227146814404435,
541,361,69,118,92,82,0,263,5840,33.13296398891967,
542,361,68,119,92,82,0,259,5857,33.26315789473684,
543,361,68,118,93,82,0,259,5840,33.124653739612185,
544,361,68,118,92,83,0,259,5842,33.227146814404435,
545,361,69,118,92,82,0,263,5840,33.13296398891967,
546,361,68,119,92,82,0,259,5857,33.26315789473684,
547,361,68,118,93,82,0,259,5840,33.124653739612185,
548,361,68,118,92,83,0,259,5842,33.227146814404435,
549,361,69,118,92,82,0,263,5840,33.13296398891967,
550,361,68,119,92,82,0,259,5857,33.26315789473684,
551,361,68,118,93,82,0,259,5840,33.124653739612185,
552,361,68,118,92,83,0,259,5842,33.227146814404435,
553,361,69,118,92,82,0,263,5840,33.13296398891967,
554,361,68,119,92,82,0,259,5857,33.26315789473684,
555,361,68,118,93,82,0,259,5840,33.124653739612185,
556,361,68,118,92,83,0,259,5842,33.227146814404435,
557,361,69,118,92,82,0,263,5840,33.13296398891967,
558,361,68,119,92,82,0,259,5857,33.26315789473684,
559,361,68,118,93,82,0,259,5840,33.124653739612185,
560,361,68,118,92,83,0,259,5842,33.227146814404435,
561,361,69,118,92,82,0,263,5840,33.13296398891967,
562,361,68,119,92,82,0,259,5857,33.26315789473684,
563,361,68,118,93,82,0,259,5840,33.124653739612185,
564,361,68,118,92,83,0,259,5842,33.227146814404435,
565,361,69,118,92,82,0,263,5840,33.13296398891967,
566,361,68,119,92,82,0,259,5857,33.26315789473684,
567,361,68,118,93,82,0,259,5840,33.124653739612185,
568,361,68,118,92,83,0,259,5842,33.227146814404435,
569,361,69,118,92,82,0,263,5840,33.13296398891967,
570,361,68,119,92,82,0,259,5857,33.26315789473684,
571,361,68,118,93,82,0,259,5840,33.124653739612185,
572,361,68,118,92,83,0,259,5842,33.227146814404435,
573,361,69,118,92,82,0,263,5840,33.13296398891967,
574,361,68,119,92,82,0,259,5857,33.26315789473684,
575,361,68,118,93,82,0,259,5840,33.124653739612185,
576,361,68,118,92,83,0,259,5842,33.227146814404435,
577,361,69,118,92,82,0,263,5840,33.13296398891967,
578,361,68,119,92,82,0,259,5857,33.26315789473684,
579,361,68,118,93,82,0,259,5840,33.124653739612185,
580,361,68,118,92,83,0,259,5842,33.227146814404435,
581,361,69,118,92,82,0,263,5840,33.13296398891967,
582,361,68,119,92,82,0,259,5857,33.26315789473684,
583,361,68,118,93,82,0,259,5840,33.124653739612185,
584,361,68,118,92,83,0,259,5842,33.227146814404435,
585,361,69,118,92,82,0,263,5840,33.13296398891967,
586,361,68,119,92,82,0,259,5857,33.26315789473684,
587,361,68,118,93,82,0,259,5840,33.124653739612185,
588,361,68,118,92,83,0,259,5842,33.227146814404435,
589,361,69,118,92,82,0,263,5840,33.13296398891967,
590,361,68,119,92,82,0,259,5857,33.26315789473684,
591,361,68,118,93,82,0,259,5840,33.124653739612185,
592,361,68,118,92,83,0,259,5842,33.227146814404435,
593,361,69,118,92,82,0,263,5840,33.13296398891967,
594,361,68,119,92,82,0,259,5857,33.26315789473684,
595,361,68,118,93,82,0,259,5840,33.124653739612185,
596,361,68,118,92,83,0,259,5842,33.227146814404435,
597,361,69,118,92,82,0,263,5840,33.13296398891967,
598,361,68,119,92,82,0,259,5857,33.26315789473684,
599,361,68,118,93,82,0,259,5840,33.124653739612185,
600,361,68,118,92,83,0,259,5842,33.227146814404435,
601,361,69,118,92,82,0,263,5840,33.13296398891967,
602,361,68,119,92,82,0,259,5857,33.26315789473684,
603,361,68,118,93,82,0,259,5840,33.124653739612185,
604,361,68,118,92,83,0,259,5842,33.227146814404435,
605,361,69,118,92,82,0,263,5840,33.13296398891967,
606,361,68,119,92,82,0,259,5857,33.26315789473684,
607,361,68,118,93,82,0,259,5840,33.124653739612185,
608,361,68,118,92,83,0,259,5842,33.227146814404435,
609,361,69,118,92,82,0,263,5840,33.13296398891967,
610,361,68,119,92,82,0,259,5857,33.26315789473684,
611,361,68,118,93,82,0,259,5840,33.124653739612185,
612,361,68,118,92,83,0,259,5842,33.227146814404435,
613,361,69,118,92,82,0,263,5840,33.13296398891967,
614,361,68,119,92,82,0,259,5857,33.26315789473684,
615,361,68,118,93,82,0,259,5840,33.124653739612185,
616,361,68,118,92,83,0,259,5842,33.227146814404435,
617,361,69,118,92,82,0,263,5840,33.13296398891967,
618,361,68,119,92,82,0,259,5857,33.26315789473684,
619,361,68,118,93,82,0,259,5840,33.124653739612185,
620,361,68,118,92,83,0,259,5842,33.227146814404435,
621,361,69,118,92,82,0,263,5840,33.13296398891967,
622,361,68,119,92,82,0,259,5857,33.26315789473684,
623,361,68,118,93,82,0,259,5840,33.124653739612185,
624,361,68,118,92,83,0,259,5842,33.227146814404435,
625,361,69,118,92,82,0,263,5840,33.13296398891967,
626,361,68,119,92,82,0,259,5857,33.26315789473684,
627,361,68,118,93,82,0,259,5840,33.124653739612185,
628,361,68,118,92,83,0,259,5842,33.227146814404435,
629,361,69,118,92,82,0,263,5840,33.13296398891967,
630,361,68,119,92,82,0,259,5857,33.26315789473684,
631,361,68,118,93,82,0,259,5840,33.124653739612185,
632,361,68,118,92,83,0,259,5842,33.227146814404435,
633,361,69,118,92,82,0,263,5840,33.13296398891967,
634,361,68,119,92,82,0,259,5857,33.26315789473684,
635,361,68,118,93,82,0,259,5840,33.124653739612185,
636,361,68,118,92,83,0,259,5842,33.227146814404435,
637,361,69,118,92,82,0,263,5840,33.13296398891967,
638,361,68,119,92,82,0,259,5857,33.26315789473684,
639,361,68,118,93,82,0,259,5840,33.124653739612185,
640,361,68,118,92,83,0,259,5842,33.227146814404435,
641,361,69,118,92,82,0,263,5840,33.13296398891967,
642,361,68,119,92,82,0,259,5857,33.26315789473684,
643,361,68,118,93,82,0,259,5840,33.124653739612185,
644,361,68,118,92,83,0,259,5842,33.227146814404435,
645,361,69,118,92,82,0,263,5840,33.13296398891967,
646,361,68,119,92,82,0,259,5857,33.26315789473684,
647,361,68,118,93,82,0,259,5840,33.124653739612185,
648,361,68,118,92,83,0,259,5842,33.227146814404435,
649,361,69,118,92,82,0,263,5840,33.13296398891967,
650,361,68,119,92,82,0,259,5857,33.26315789473684,
651,361,68,118,93,82,0,259,5840,33.124653739612185,
652,361,68,118,92,83,0,259,5842,33.227146814404435,
653,361,69,118,92,82,0,263,5840,33.13296398891967,
654,361,68,119,92,82,0,259,5857,33.26315789473684,
655,361,68,118,93,82,0,259,5840,33.124653739612185,
656,361,68,118,92,83,0,259,5842,33.227146814404435,
657,361,69,118,92,82,0,263,5840,33.13296398891967,
658,361,68,119,92,82,0,259,5857,33.26315789473684,
659,361,68,118,93,82,0,259,5840,33.124653739612185,
660,361,68,118,92,83,0,259,5842,33.227146814404435,
661,361,69,118,92,82,0,263,5840,33.13296398891967,
662,361,68,119,92,82,0,259,5857,33.26315789473684,
663,361,68,118,93,82,0,259,5840,33.124653739612185,
664,361,68,118,92,83,0,259,5842,33.227146814404435,
665,361,69,118,92,82,0,263,5840,33.13296398891967,
666,361,68,119,92,82,0,259,5857,33.26315789473684,
667,361,68,118,93,82,0,259,5840,33.124653739612185,
668,361,68,118,92,83,0,259,5842,33.227146814404435,
669,361,69,118,92,82,0,263,5840,33.13296398891967,
670,361,68,119,92,82,0,259,5857,33.26315789473684,
671,361,68,118,93,82,0,259,5840,33.124653739612185,
672,361,68,118,92,83,0,259,5842,33.227146814404435,
673,361,69,118,92,82,0,263,5840,33.13296398891967,
674,361,68,119,92,82,0,259,5857,33.26315789473684,
675,361,68,118,93,82,0,259,5840,33.124653739612185,
676,361,68,118,92,83,0,259,5842,33.227146814404435,
677,361,69,118,92,82,0,263,5840,33.13296398891967,
678,361,68,119,92,82,0,259,5857,33.26315789473684,
679,361,68,118,93,82,0,259,5840,33.124653739612185,
680,361,68,118,92,83,0,259,5842,33.227146814404435,
681,361,69,118,92,82,0,263,5840,33.13296398891967,
682,361,68,119,92,82,0,259,5857,33.26315789473684,
683,361,68,118,93,82,0,259,5840,33.124653739612185,
684,361,68,118,92,83,0,259,5842,33.227146814404435,
685,361,69,118,92,82,0,263,5840,33.13296398891967,
686,361,68,119,92,82,0,259,5857,33.26315789473684,
687,361,68,118,93,82,0,259,5840,33.124653739612185,
688,361,68,118,92,83,0,259,5842,33.227146814404435,
689,361,69,118,92,82,0,263,5840,33.13296398891967,
690,361,68,119,92,82,0,259,5857,33.26315789473684,
691,361,68,118,93,82,0,259,5840,33.124653739612185,
692,361,68,118,92,83,0,259,5842,33.227146814404435,
693,361,69,118,92,82,0,263,5840,33.13296398891967,
694,361,68,119,92,82,0,259,5857,33.26315789473684,
695,361,68,118,93,82,0,259,5840,33.124653739612185,
696,361,68,118,92,83,0,259,5842,33.227146814404435,
697,361,69,118,92,82,0,263,5840,33.13296398891967,
698,361,68,119,92,82,0,259,5857,33.26315789473684,
699,361,68,118,93,82,0,259,5840,33.124653739612185,
700,361,68,118,92,83,0,259,5842,33.227146814404435,
701,361,69,118,92,82,0,263,5840,33.13296398891967,
702,361,68,119,92,82,0,259,5857,33.26315789473684,
703,361,68,118,93,82,0,259,5840,33.124653739612185,
704,361,68,118,92,83,0,259,5842,33.227146814404435,
705,361,69,118,92,82,0,263,5840,33.13296398891967,
706,361,68,119,92,82,0,259,5857,33.26315789473684,
707,361,68,118,93,82,0,259,5840,33.124653739612185,
708,361,68,118,92,83,0,259,5842,33.227146814404435,
709,361,69,118,92,82,0,263,5840,33.13296398891967,
710,361,68,119,92,82,0,259,5857,33.26315789473684,
711,361,68,118,93,82,0,259,5840,33.124653739612185,
712,361,68,118,92,83,0,259,5842,33.227146814404435,
713,361,69,118,92,82,0,263,5840,33.13296398891967,
714,361,68,119,92,82,0,259,5857,33.26315789473684,
715,361,68,118,93,82,0,259,5840,33.124653739612185,
716,361,68,118,92,83,0,259,5842,33.227146814404435,
717,361,69,118,92,82,0,263,5840,33.13296398891967,
718,361,68,119,92,82,0,259,5857,33.26315789473684,
719,361,68,118,93,82,0,259,5840,33.124653739612185,
720,361,68,118,92,83,0,259,5842,33.227146814404435,
721,361,69,118,92,82,0,263,5840,33.13296398891967,
722,361,68,119,92,82,0,259,5857,33.26315789473684,
723,361,68,118,93,82,0,259,5840,33.124653739612185,
724,361,68,118,92,83,0,259,5842,33.227146814404435,
725,361,69,118,92,82,0,263,5840,33.13296398891967,
726,361,68,119,92,82,0,259,5857,33.26315789473684,
727,361,68,118,93,82,0,259,5840,33.124653739612185,
728,361,68,118,92,83,0,259,5842,33.227146814404435,
729,361,69,118,92,82,0,263,5840,33.13296398891967,
730,361,68,119,92,82,0,259,5857,33.26315789473684,
731,361,68,118,93,82,0,259,5840,33.124653739612185,
732,361,68,118,92,83,0,259,5842,33.227146814404435,
733,361,69,118,92,82,0,263,5840,33.13296398891967,
734,361,68,119,92,82,0,259,5857,33.26315789473684,
735,361,68,118,93,82,0,259,5840,33.124653739612185,
736,361,68,118,92,83,0,259,5842,33.227146814404435,
737,361,69,118,92,82,0,263,5840,33.13296398891967,
738,361,68,119,92,82,0,259,5857,33.26315789473684,
739,361,68,118,93,82,0,259,5840,33.124653739612185,
740,361,68,118,92,83,0,259,5842,33.227146814404435,
741,361,69,118,92,82,0,263,5840,33.13296398891967,
742,361,68,119,92,82,0,259,5857,33.26315789473684,
743,361,68,118,93,82,0,259,5840,33.124653739612185,
744,361,68,118,92,83,0,259,5842,33.227146814404435,
745,361,69,118,92,82,0,263,5840,33.13296398891967,
746,361,68,119,92,82,0,259,5857,33.26315789473684,
747,361,68,118,93,82,0,259,5840,33.124653739612185,
748,361,68,118,92,83,0,259,5842,33.227146814404435,
749,361,69,118,92,82,0,263,5840,33.13296398891967,
750,361,68,119,92,82,0,259,5857,33.26315789473684,
751,361,68,118,93,82,0,259,5840,33.124653739612185,
752,361,68,118,92,83,0,259,5842,33.227146814404435,
753,361,69,118,92,82,0,263,5840,33.13296398891967,
754,361,68,119,92,82,0,259,5857,33.26315789473684,
755,361,68,118,93,82,0,259,5840,33.124653739612185,
756,361,68,118,92,83,0,259,5842,33.227146814404435,
757,361,69,118,92,82,0,263,5840,33.13296398891967,
758,361,68,119,92,82,0,259,5857,33.26315789473684,
759,361,68,118,93,82,0,259,5840,33.124653739612185,
760,361,68,118,92,83,0,259,5842,33.227146814404435,
761,361,69,118,92,82,0,263,5840,33.13296398891967,
762,361,68,119,92,82,0,259,5857,33.26315789473684,
763,361,68,118,93,82,0,259,5840,33.124653739612185,
764,361,68,118,92,83,0,259,5842,33.227146814404435,
765,361,69,118,92,82,0,263,5840,33.13296398891967,
766,361,68,119,92,82,0,259,5857,33.26315789473684,
767,361,68,118,93,82,0,259,5840,33.124653739612185,
768,361,68,118,92,83,0,259,5842,33.227146814404435,
769,361,69,118,92,82,0,263,5840,33.13296398891967,
770,361,68,119,92,82,0,259,5857,33.26315789473684,
771,361,68,118,93,82,0,259,5840,33.124653739612185,
772,361,68,118,92,83,0,259,5842,33.227146814404435,
773,361,69,118,92,82,0,263,5840,33.13296398891967,
774,361,68,119,92,82,0,259,5857,33.26315789473684,
775,361,68,118,93,82,0,259,5840,33.124653739612185,
776,361,68,118,92,83,0,259,5842,33.227146814404435,
777,361,69,118,92,82,0,263,5840,33.13296398891967,
778,361,68,119,92,82,0,259,5857,33.26315789473684,
779,361,68,118,93,82,0,259,5840,33.124653739612185,
780,361,68,118,92,83,0,259,5842,33.227146814404435,
781,361,69,118,92,82,0,263,5840,33.13296398891967,
782,361,68,119,92,82,0,259,5857,33.26315789473684,
783,361,68,118,93,82,0,259,5840,33.124653739612185,
784,361,68,118,92,83,0,259,5842,33.227146814404435,
785,361,69,118,92,82,0,263,5840,33.13296398891967,
786,361,68,119,92,82,0,259,5857,33.26315789473684,
787,361,68,118,93,82,0,259,5840,33.124653739612185,
788,361,68,118,92,83,0,259,5842,33.227146814404435,
789,361,69,118,92,82,0,263,5840,33.13296398891967,
790,361,68,119,92,82,0,259,5857,33.26315789473684,
791,361,68,118,93,82,0,259,5840,33.124653739612185,
792,361,68,118,92,83,0,259,5842,33.227146814404435,
793,361,69,118,92,82,0,263,5840,33.13296398891967,
794,361,68,119,92,82,0,259,5857,33.26315789473684,
795,361,68,118,93,82,0,259,5840,33.124653739612185,
796,361,68,118,92,83,0,259,5842,33.227146814404435,
797,361,69,118,92,82,0,263,5840,33.13296398891967,
798,361,68,119,92,82,0,259,5857,33.26315789473684,
799,361,68,118,93,82,0,259,5840,33.124653739612185,
800,361,68,118,92,83,0,259,5842,33.227146814404435,
801,361,69,118,92,82,0,263,5840,33.13296398891967,
802,361,68,119,92,82,0,259,5857,33.26315789473684,
803,361,68,118,93,82,0,259,5840,33.124653739612185,
804,361,68,118,92,83,0,259,5842,33.227146814404435,
805,361,69,118,92,82,0,263,5840,33.13296398891967,
806,361,68,119,92,82,0,259,5857,33.26315789473684,
807,361,68,118,93,82,0,259,5840,33.124653739612185,
808,361,68,118,92,83,0,259,5842,33.227146814404435,
809,361,69,118,92,82,0,263,5840,33.13296398891967,
810,361,68,119,92,82,0,259,5857,33.26315789473684,
811,361,68,118,93,82,0,259,5840,33.124653739612185,
812,361,68,118,92,83,0,259,5842,33.227146814404435,
813,361,69,118,92,82,0,263,5840,33.13296398891967,
814,361,68,119,92,82,0,259,5857,33.26315789473684,
815,361,68,118,93,82,0,259,5840,33.124653739612185,
816,361,68,118,92,83,0,259,5842,33.227146814404435,
817,361,69,118,92,82,0,263,5840,33.13296398891967,
818,361,68,119,92,82,0,259,5857,33.26315789473684,
819,361,68,118,93,82,0,259,5840,33.124653739612185,
820,361,68,118,92,83,0,259,5842,33.227146814404435,
821,361,69,118,92,82,0,263,5840,33.13296398891967,
822,361,68,119,92,82,0,259,5857,33.26315789473684,
823,361,68,118,93,82,0,259,5840,33.124653739612185,
824,361,68,118,92,83,0,259,5842,33.227146814404435,
825,361,69,118,92,82,0,263,5840,33.13296398891967,
826,361,68,119,92,82,0,259,5857,33.26315789473684,
827,361,68,118,93,82,0,259,5840,33.124653739612185,
828,361,68,118,92,83,0,259,5842,33.227146814404435,
829,361,69,118,92,82,0,263,5840,33.13296398891967,
830,361,68,119,92,82,0,259,5857,33.26315789473684,
831,361,68,118,93,82,0,259,5840,33.124653739612185,
832,361,68,118,92,83,0,259,5842,33.227146814404435,
833,361,69,118,92,82,0,263,5840,33.13296398891967,
834,361,68,119,92,82,0,259,5857,33.26315789473684,
835,361,68,118,93,82,0,259,5840,33.124653739612185,
836,361,68,118,92,83,0,259,5842,33.227146814404435,
837,361,69,118,92,82,0,263,5840,33.13296398891967,
838,361,68,119,92,82,0,259,5857,33.26315789473684,
839,361,68,118,93,82,0,259,5840,33.124653739612185,
840,361,68,118,92,83,0,259,5842,33.227146814404435,
841,361,69,118,92,82,0,263,5840,33.13296398891967,
842,361,68,119,92,82,0,259,5857,33.26315789473684,
843,361,68,118,93,82,0,259,5840,33.124653739612185,
844,361,68,118,92,83,0,259,5842,33.227146814404435,
845,361,69,118,92,82,0,263,5840,33.13296398891967,
846,361,68,119,92,82,0,259,5857,33.26315789473684,
847,361,68,118,93,82,0,259,5840,33.124653739612185,
848,361,68,118,92,83,0,259,5842,33.227146814404435,
849,361,69,118,92,82,0,263,5840,33.13296398891967,
850,361,68,119,92,82,0,259,5857,33.26315789473684,
851,361,68,118,93,82,0,259,5840,33.124653739612185,
852,361,68,118,92,83,0,259,5842,33.227146814404435,
853,361,69,118,92,82,0,263,5840,33.13296398891967,
854,361,68,119,92,82,0,259,5857,33.26315789473684,
855,361,68,118,93,82,0,259,5840,33.124653739612185,
856,361,68,118,92,83,0,259,5842,33.227146814404435,
857,361,69,118,92,82,0,263,5840,33.13296398891967,
858,361,68,119,92,82,0,259,5857,33.26315789473684,
859,361,68,118,93,82,0,259,5840,33.124653739612185,
860,361,68,118,92,83,0,259,5842,33.227146814404435,
861,361,69,118,92,82,0,263,5840,33.13296398891967,
862,361,68,119,92,82,0,259,5857,33.26315789473684,
863,361,68,118,93,82,0,259,5840,33.124653739612185,
864,361,68,118,92,83,0,259,5842,33.227146814404435,
865,361,69,118,92,82,0,263,5840,33.13296398891967,
866,361,68,119,92,82,0,259,5857,33.26315789473684,
867,361,68,118,93,82,0,259,5840,33.124653739612185,
868,361,68,118,92,83,0,259,5842,33.227146814404435,
869,361,69,118,92,82,0,263,5840,33.13296398891967,
870,361,68,119,92,82,0,259,5857,33.26315789473684,
871,361,68,118,93,82,0,259,5840,33.124653739612185,
872,361,68,118,92,83,0,259,5842,33.227146814404435,
873,361,69,118,92,82,0,263,5840,33.13296398891967,
874,361,68,119,92,82,0,259,5857,33.26315789473684,
875,361,68,118,93,82,0,259,5840,33.124653739612185,
876,361,68,118,92,83,0,259,5842,33.227146814404435,
877,361,69,118,92,82,0,263,5840,33.13296398891967,
878,361,68,119,92,82,0,259,5857,33.26315789473684,
879,361,68,118,93,82,0,259,5840,33.124653739612185,
880,361,68,118,92,83,0,259,5842,33.227146814404435,
881,361,69,118,92,82,0,263,5840,33.13296398891967,
882,361,68,119,92,82,0,259,5857,33.26315789473684,
883,361,68,118,93,82,0,259,5840,33.124653739612185,
884,361,68,118,92,83,0,259,5842,33.227146814404435,
885,361,69,118,92,82,0,263,5840,33.13296398891967,
886,361,68,119,92,82,0,259,5857,33.26315789473684,
887,361,68,118,93,82,0,259,5840,33.124653739612185,
888,361,68,118,92,83,0,259,5842,33.227146814404435,
889,361,69,118,92,82,0,263,5840,33.13296398891967,
890,361,68,119,92,82,0,259,5857,33.26315789473684,
891,361,68,118,93,82,0,259,5840,33.124653739612185,
892,361,68,118,92,83,0,259,5842,33.227146814404435,
893,361,69,118,92,82,0,263,5840,33.13296398891967,
894,361,68,119,92,82,0,259,5857,33.26315789473684,
895,361,68,118,93,82,0,259,5840,33.124653739612185,
896,361,68,118,92,83,0,259,5842,33.227146814404435,
897,361,69,118,92,82,0,263,5840,33.13296398891967,
898,361,68,119,92,82,0,259,5857,33.26315789473684,
899,361,68,118,93,82,0,259,5840,33.124653739612185,
900,361,68,118,92,83,0,259,5842,33.227146814404435,
901,361,69,118,92,82,0,263,5840,33.13296398891967,
902,361,68,119,92,82,0,259,5857,33.26315789473684,
903,361,68,118,93,82,0,259,5840,33.124653739612185,
904,361,68,118,92,83,0,259,5842,33.227146814404435,
905,361,69,118,92,82,0,263,5840,33.13296398891967,
906,361,68,119,92,82,0,259,5857,33.26315789473684,
907,361,68,118,93,82,0,259,5840,33.124653739612185,
908,361,68,118,92,83,0,259,5842,33.227146814404435,
909,361,69,118,92,82,0,263,5840,33.13296398891967,
910,361,68,119,92,82,0,259,5857,33.26315789473684,
911,361,68,118,93,82,0,259,5840,33.124653739612185,
912,361,68,118,92,83,0,259,5842,33.227146814404435,
913,361,69,118,92,82,0,263,5840,33.13296398891967,
914,361,68,119,92,82,0,259,5857,33.26315789473684,
915,361,68,118,93,82,0,259,5840,33.124653739612185,
916,361,68,118,92,83,0,259,5842,33.227146814404435,
917,361,69,118,92,82,0,263,5840,33.13296398891967,
918,361,68,119,92,82,0,259,5857,33.26315789473684,
919,361,68,118,93,82,0,259,5840,33.124653739612185,
920,361,68,118,92,83,0,259,5842,33.227146814404435,
921,361,69,118,92,82,0,263,5840,33.13296398891967,
922,361,68,119,92,82,0,259,5857,33.26315789473684,
923,361,68,118,93,82,0,259,5840,33.124653739612185,
924,361,68,118,92,83,0,259,5842,33.227146814404435,
925,361,69,118,92,82,0,263,5840,33.13296398891967,
926,361,68,119,92,82,0,259,5857,33.26315789473684,
927,361,68,118,93,82,0,259,5840,33.124653739612185,
928,361,68,118,92,83,0,259,5842,33.227146814404435,
929,361,69,118,92,82,0,263,5840,33.13296398891967,
930,361,68,119,92,82,0,259,5857,33.26315789473684,
931,361,68,118,93,82,0,259,5840,33.124653739612185,
932,361,68,118,92,83,0,259,5842,33.227146814404435,
933,361,69,118,92,82,0,263,5840,33.13296398891967,
934,361,68,119,92,82,0,259,5857,33.26315789473684,
935,361,68,118,93,82,0,259,5840,33.124653739612185,
936,361,68,118,92,83,0,259,5842,33.227146814404435,
937,361,69,118,92,82,0,263,5840,33.13296398891967,
938,361,68,119,92,82,0,259,5857,33.26315789473684,
939,361,68,118,93,82,0,259,5840,33.124653739612185,
940,361,68,118,92,83,0,259,5842,33.227146814404435,
941,361,69,118,92,82,0,263,5840,33.13296398891967,
942,361,68,119,92,82,0,259,5857,33.26315789473684,
943,361,68,118,93,82,0,259,5840,33.124653739612185,
944,361,68,118,92,83,0,259,5842,33.227146814404435,
945,361,69,118,92,82,0,263,5840,33.13296398891967,
946,361,68,119,92,82,0,259,5857,33.26315789473684,
947,361,68,118,93,82,0,259,5840,33.124653739612185,
948,361,68,118,92,83,0,259,5842,33.227146814404435,
949,361,69,118,92,82,0,263,5840,33.13296398891967,
950,361,68,119,92,82,0,259,5857,33.26315789473684,
951,361,68,118,93,82,0,259,5840,33.124653739612185,
952,361,68,118,92,83,0,259,5842,33.227146814404435,
953,361,69,118,92,82,0,263,5840,33.13296398891967,
954,361,68,119,92,82,0,259,5857,33.26315789473684,
955,361,68,118,93,82,0,259,5840,33.124653739612185,
956,361,68,118,92,83,0,259,5842,33.227146814404435,
957,361,69,118,92,82,0,263,5840,33.13296398891967,
958,361,68,119,92,82,0,259,5857,33.26315789473684,
959,361,68,118,93,82,0,259,5840,33.124653739612185,
960,361,68,118,92,83,0,259,5842,33.227146814404435,
961,361,69,118,92,82,0,263,5840,33.13296398891967,
962,361,68,119,92,82,0,259,5857,33.26315789473684,
963,361,68,118,93,82,0,259,5840,33.124653739612185,
964,361,68,118,92,83,0,259,5842,33.227146814404435,
965,361,69,118,92,82,0,263,5840,33.13296398891967,
966,361,68,119,92,82,0,259,5857,33.26315789473684,
967,361,68,118,93,82,0,259,5840,33.124653739612185,
968,361,68,118,92,83,0,259,5842,33.227146814404435,
969,361,69,118,92,82,0,263,5840,33.13296398891967,
970,361,68,119,92,82,0,259,5857,33.26315789473684,
971,361,68,118,93,82,0,259,5840,33.124653739612185,
972,361,68,118,92,83,0,259,5842,33.227146814404435,
973,361,69,118,92,82,0,263,5840,33.13296398891967,
974,361,68,119,92,82,0,259,5857,33.26315789473684,
975,361,68,118,93,82,0,259,5840,33.124653739612185,
976,361,68,118,92,83,0,259,5842,33.227146814404435,
977,361,69,118,92,82,0,263,5840,33.13296398891967,
978,361,68,119,92,82,0,259,5857,33.26315789473684,
979,361,68,118,93,82,0,259,5840,33.124653739612185,
980,361,68,118,92,83,0,259,5842,33.227146814404435,
981,361,69,118,92,82,0,263,5840,33.13296398891967,
982,361,68,119,92,82,0,259,5857,33.26315789473684,
983,361,68,118,93,82,0,259,5840,33.124653739612185,
984,361,68,118,92,83,0,259,5842,33.227146814404435,
985,361,69,118,92,82,0,263,5840,33.13296398891967,
986,361,68,119,92,82,0,259,5857,33.26315789473684,
987,361,68,118,93,82,0,259,5840,33.124653739612185,
988,361,68,118,92,83,0,259,5842,33.227146814404435,
989,361,69,118,92,82,0,263,5840,33.13296398891967,
990,361,68,119,92,82,0,259,5857,33.26315789473684,
991,361,68,118,93,82,0,259,5840,33.124653739612185,
992,361,68,118,92,83,0,259,5842,33.227146814404435,
993,361,69,118,92,82,0,263,5840,33.13296398891967,
994,361,68,119,92,82,0,259,5857,33.26315789473684,
995,361,68,118,93,82,0,259,5840,33.124653739612185,
996,361,68,118,92,83,0,259,5842,33.227146814404435,
997,361,69,118,92,82,0,263,5840,33.13296398891967,
998,361,68,119,92,82,0,259,5857,33.26315789473684,
999,361,68,118,93,82,0,259,5840,33.124653739612185,
1000,361,68,118,92,83,0,259,5842,33.227146814404435,
1001,361,69,118,92,82,0,263,5840,33.13296398891967,
1002,361,68,119,92,82,0,259,5857,33.26315789473684,
1003,361,68,118,93,82,0,259,5840,33.124653739612185,
1004,361,68,118,92,83,0,259,5842,33.227146814404435,
1005,361,69,118,92,82,0,263,5840,33.13296398891967,
1006,361,68,119,92,82,0,259,5857,33.26315789473684,
1007,361,68,118,93,82,0,259,5840,33.124653739612185,
1008,361,68,118,92,83,0,259,5842,33.227146814404435,
1009,361,69,118,92,82,0,263,5840,33.13296398891967,
1010,361,68,119,92,82,0,259,5857,33.26315789473684,
1011,361,68,118,93,82,0,259,5840,33.124653739612185,
1012,361,68,118,92,83,0,259,5842,33.227146814404435,
1013,361,69,118,92,82,0,263,5840,33.13296398891967,
1014,361,68,119,92,82,0,259,5857,33.26315789473684,
1015,361,68,118,93,82,0,259,5840,33.124653739612185,
1016,361,68,118,92,83,0,259,5842,33.227146814404435,
1017,361,69,118,92,82,0,263,5840,33.13296398891967,
1018,361,68,119,92,82,0,259,5857,33.26315789473684,
1019,361,68,118,93,82,0,259,5840,33.124653739612185,
1020,361,68,118,92,83,0,259,5842,33.227146814404435,
1021,361,69,118,92,82,0,263,5840,33.13296398891967,
1022,361,68,119,92,82,0,259,5857,33.26315789473684,
1023,361,68,118,93,82,0,259,5840,33.124653739612185,
1024,361,68,118,92,83,0,259,5842,33.227146814404435,
1025,361,69,118,92,82,0,263,5840,33.13296398891967,
1026,361,68,119,92,82,0,259,5857,33.26315789473684,
1027,361,68,118,93,82,0,259,5840,33.124653739612185,
1028,361,68,118,92,83,0,259,5842,33.227146814404435,
1029,361,69,118,92,82,0,263,5840,33.13296398891967,
1030,361,68,119,92,82,0,259,5857,33.26315789473684,
1031,361,68,118,93,82,0,259,5840,33.124653739612185,
1032,361,68,118,92,83,0,259,5842,33.227146814404435,
1033,361,69,118,92,82,0,263,5840,33.13296398891967,
1034,361,68,119,92,82,0,259,5857,33.26315789473684,
1035,361,68,118,93,82,0,259,5840,33.124653739612185,
1036,361,68,118,92,83,0,259,5842,33.227146814404435,
1037,361,69,118,92,82,0,263,5840,33.13296398891967,
1038,361,68,119,92,82,0,259,5857,33.26315789473684,
1039,361,68,118,93,82,0,259,5840,33.124653739612185,
1040,361,68,118,92,83,0,259,5842,33.227146814404435,
1041,361,69,118,92,82,0,263,5840,33.13296398891967,
1042,361,68,119,92,82,0,259,5857,33.26315789473684,
1043,361,68,118,93,82,0,259,5840,33.124653739612185,
1044,361,68,118,92,83,0,259,5842,33.227146814404435,
1045,361,69,118,92,82,0,263,5840,33.13296398891967,
1046,361,68,119,92,82,0,259,5857,33.26315789473684,
1047,361,68,118,93,82,0,259,5840,33.124653739612185,
1048,361,68,118,92,83,0,259,5842,33.227146814404435,
1049,361,69,118,92,82,0,263,5840,33.13296398891967,
1050,361,68,119,92,82,0,259,5857,33.26315789473684,
1051,361,68,118,93,82,0,259,5840,33.124653739612185,
1052,361,68,118,92,83,0,259,5842,33.227146814404435,
1053,361,69,118,92,82,0,263,5840,33.13296398891967,
1054,361,68,119,92,82,0,259,5857,33.26315789473684,
1055,361,68,118,93,82,0,259,5840,33.124653739612185,
1056,361,68,118,92,83,0,259,5842,33.227146814404435,
1057,361,69,118,92,82,0,263,5840,33.13296398891967,
1058,361,68,119,92,82,0,259,5857,33.26315789473684,
1059,361,68,118,93,82,0,259,5840,33.124653739612185,
1060,361,68,118,92,83,0,259,5842,33.227146814404435,
1061,361,69,118,92,82,0,263,5840,33.13296398891967,
1062,361,68,119,92,82,0,259,5857,33.26315789473684,
1063,361,68,118,93,82,0,259,5840,33.124653739612185,
1064,361,68,118,92,83,0,259,5842,33.227146814404435,
1065,361,69,118,92,82,0,263,5840,33.13296398891967,
1066,361,68,119,92,82,0,259,5857,33.26315789473684,
1067,361,68,118,93,82,0,259,5840,33.124653739612185,
1068,361,68,118,92,83,0,259,5842,33.227146814404435,
1069,361,69,118,92,82,0,263,5840,33.13296398891967,
1070,361,68,119,92,82,0,259,5857,33.26315789473684,
1071,361,68,118,93,82,0,259,5840,33.124653739612185,
1072,361,68,118,92,83,0,259,5842,33.227146814404435,
1073,361,69,118,92,82,0,263,5840,33.13296398891967,
1074,361,68,119,92,82,0,259,5857,33.26315789473684,
1075,361,68,118,93,82,0,259,5840,33.124653739612185,
1076,361,68,118,92,83,0,259,5842,33.227146814404435,
1077,361,69,118,92,82,0,263,5840,33.13296398891967,
1078,361,68,119,92,82,0,259,5857,33.26315789473684,
1079,361,68,118,93,82,0,259,5840,33.124653739612185,
1080,361,68,118,92,83,0,259,5842,33.227146814404435,
1081,361,69,118,92,82,0,263,5840,33.13296398891967,
1082,361,68,119,92,82,0,259,5857,33.26315789473684,
1083,361,68,118,93,82,0,259,5840,33.124653739612185,
1084,361,68,118,92,83,0,259,5842,33.227146814404435,
1085,361,69,118,92,82,0,263,5840,33.13296398891967,
1086,361,68,119,92,82,0,259,5857,33.26315789473684,
1087,361,68,118,93,82,0,259,5840,33.124653739612185,
1088,361,68,118,92,83,0,259,5842,33.227146814404435,
1089,361,69,118,92,82,0,263,5840,33.13296398891967,
1090,361,68,119,92,82,0,259,5857,33.26315789473684,
1091,361,68,118,93,82,0,259,5840,33.124653739612185,
1092,361,68,118,92,83,0,259,5842,33.227146814404435,
1093,361,69,118,92,82,0,263,5840,33.13296398891967,
1094,361,68,119,92,82,0,259,5857,33.26315789473684,
1095,361,68,118,93,82,0,259,5840,33.124653739612185,
1096,361,68,118,92,83,0,259,5842,33.227146814404435,
1097,361,69,118,92,82,0,263,5840,33.13296398891967,
1098,361,68,119,92,82,0,259,5857,33.26315789473684,
1099,361,68,118,93,82,0,259,5840,33.124653739612185,
1100,361,68,118,92,83,0,259,5842,33.227146814404435,
1101,361,69,118,92,82,0,263,5840,33.13296398891967,
1102,361,68,119,92,82,0,259,5857,33.26315789473684,
1103,361,68,118,93,82,0,259,5840,33.124653739612185,
1104,361,68,118,92,83,0,259,5842,33.227146814404435,
1105,361,69,118,92,82,0,263,5840,33.13296398891967,
1106,361,68,119,92,82,0,259,5857,33.26315789473684,
1107,361,68,118,93,82,0,259,5840,33.124653739612185,
1108,361,68,118,92,83,0,259,5842,33.227146814404435,
1109,361,69,118,92,82,0,263,5840,33.13296398891967,
1110,361,68,119,92,82,0,259,5857,33.26315789473684,
1111,361,68,118,93,82,0,259,5840,33.124653739612185,
1112,361,68,118,92,83,0,259,5842,33.227146814404435,
1113,361,69,118,92,82,0,263,5840,33.13296398891967,
1114,361,68,119,92,82,0,259,5857,33.26315789473684,
1115,361,68,118,93,82,0,259,5840,33.124653739612185,
1116,361,68,118,92,83,0,259,5842,33.227146814404435,
1117,361,69,118,92,82,0,263,5840,33.13296398891967,
1118,361,68,119,92,82,0,259,5857,33.26315789473684,
1119,361,68,118,93,82,0,259,5840,33.124653739612185,
1120,361,68,118,92,83,0,259,5842,33.227146814404435,
1121,361,69,118,92,82,0,263,5840,33.13296398891967,
1122,361,68,119,92,82,0,259,5857,33.26315789473684,
1123,361,68,118,93,82,0,259,5840,33.124653739612185,
1124,361,68,118,92,83,0,259,5842,33.227146814404435,
1125,361,69,118,92,82,0,263,5840,33.13296398891967,
1126,361,68,119,92,82,0,259,5857,33.26315789473684,
1127,361,68,118,93,82,0,259,5840,33.124653739612185,
1128,361,68,118,92,83,0,259,5842,33.227146814404435,
1129,361,69,118,92,82,0,263,5840,33.13296398891967,
1130,361,68,119,92,82,0,259,5857,33.26315789473684,
1131,361,68,118,93,82,0,259,5840,33.124653739612185,
1132,361,68,118,92,83,0,259,5842,33.227146814404435,
1133,361,69,118,92,82,0,263,5840,33.13296398891967,
1134,361,68,119,92,82,0,259,5857,33.26315789473684,
1135,361,68,118,93,82,0,259,5840,33.124653739612185,
1136,361,68,118,92,83,0,259,5842,33.227146814404435,
1137,361,69,118,92,82,0,263,5840,33.13296398891967,
1138,361,68,119,92,82,0,259,5857,33.26315789473684,
1139,361,68,118,93,82,0,259,5840,33.124653739612185,
1140,361,68,118,92,83,0,259,5842,33.227146814404435,
1141,361,69,118,92,82,0,263,5840,33.13296398891967,
1142,361,68,119,92,82,0,259,5857,33.26315789473684,
1143,361,68,118,93,82,0,259,5840,33.124653739612185,
1144,361,68,118,92,83,0,259,5842,33.227146814404435,
1145,361,69,118,92,82,0,263,5840,33.13296398891967,
1146,361,68,119,92,82,0,259,5857,33.26315789473684,
1147,361,68,118,93,82,0,259,5840,33.124653739612185,
1148,361,68,118,92,83,0,259,5842,33.227146814404435,
1149,361,69,118,92,82,0,263,5840,33.13296398891967,
1150,361,68,119,92,82,0,259,5857,33.26315789473684,
1151,361,68,118,93,82,0,259,5840,33.124653739612185,
1152,361,68,118,92,83,0,259,5842,33.227146814404435,
1153,361,69,118,92,82,0,263,5840,33.13296398891967,
1154,361,68,119,92,82,0,259,5857,33.26315789473684,
1155,361,68,118,93,82,0,259,5840,33.124653739612185,
1156,361,68,118,92,83,0,259,5842,33.227146814404435,
1157,361,69,118,92,82,0,263,5840,33.13296398891967,
1158,361,68,119,92,82,0,259,5857,33.26315789473684,
1159,361,68,118,93,82,0,259,5840,33.124653739612185,
1160,361,68,118,92,83,0,259,5842,33.227146814404435,
1161,361,69,118,92,82,0,263,5840,33.13296398891967,
1162,361,68,119,92,82,0,259,5857,33.26315789473684,
1163,361,68,118,93,82,0,259,5840,33.124653739612185,
1164,361,68,118,92,83,0,259,5842,33.227146814404435,
1165,361,69,118,92,82,0,263,5840,33.13296398891967,
1166,361,68,119,92,82,0,259,5857,33.26315789473684,
1167,361,68,118,93,82,0,259,5840,33.124653739612185,
1168,361,68,118,92,83,0,259,5842,33.227146814404435,
1169,361,69,118,92,82,0,263,5840,33.13296398891967,
1170,361,68,119,92,82,0,259,5857,33.26315789473684,
1171,361,68,118,93,82,0,259,5840,33.124653739612185,
1172,361,68,118,92,83,0,259,5842,33.227146814404435,
1173,361,69,118,92,82,0,263,5840,33.13296398891967,
1174,361,68,119,92,82,0,259,5857,33.26315789473684,
1175,361,68,118,93,82,0,259,5840,33.124653739612185,
1176,361,68,118,92,83,0,259,5842,33.227146814404435,
1177,361,69,118,92,82,0,263,5840,33.13296398891967,
1178,361,68,119,92,82,0,259,5857,33.26315789473684,
1179,361,68,118,93,82,0,259,5840,33.124653739612185,
1180,361,68,118,92,83,0,259,5842,33.227146814404435,
1181,361,69,118,92,82,0,263,5840,33.13296398891967,
1182,361,68,119,92,82,0,259,5857,33.26315789473684,
1183,361,68,118,93,82,0,259,5840,33.124653739612185,
1184,361,68,118,92,83,0,259,5842,33.227146814404435,
1185,361,69,118,92,82,0,263,5840,33.13296398891967,
1186,361,68,119,92,82,0,259,5857,33.26315789473684,
1187,361,68,118,93,82,0,259,5840,33.124653739612185,
1188,361,68,118,92,83,0,259,5842,33.227146814404435,
1189,361,69,118,92,82,0,263,5840,33.13296398891967,
1190,361,68,119,92,82,0,259,5857,33.26315789473684,
1191,361,68,118,93,82,0,259,5840,33.124653739612185,
1192,361,68,118,92,83,0,259,5842,33.227146814404435,
1193,361,69,118,92,82,0,263,5840,33.13296398891967,
1194,361,68,119,92,82,0,259,5857,33.26315789473684,
1195,361,68,118,93,82,0,259,5840,33.124653739612185,
1196,361,68,118,92,83,0,259,5842,33.227146814404435,
1197,361,69,118,92,82,0,263,5840,33.13296398891967,
1198,361,68,119,92,82,0,259,5857,33.26315789473684,
1199,361,68,118,93,82,0,259,5840,33.124653739612185,
1200,361,68,118,92,83,0,259,5842,33.227146814404435,
1201,361,69,118,92,82,0,263,5840,33.13296398891967,
1202,361,68,119,92,82,0,259,5857,33.26315789473684,
1203,361,68,118,93,82,0,259,5840,33.124653739612185,
1204,361,68,118,92,83,0,259,5842,33.227146814404435,
1205,361,69,118,92,82,0,263,5840,33.13296398891967,
1206,361,68,119,92,82,0,259,5857,33.26315789473684,
1207,361,68,118,93,82,0,259,5840,33.124653739612185,
1208,361,68,118,92,83,0,259,5842,33.227146814404435,
1209,361,69,118,92,82,0,263,5840,33.13296398891967,
1210,361,68,119,92,82,0,259,5857,33.26315789473684,
1211,361,68,118,93,82,0,259,5840,33.124653739612185,
1212,361,68,118,92,83,0,259,5842,33.227146814404435,
1213,361,69,118,92,82,0,263,5840,33.13296398891967,
1214,361,68,119,92,82,0,259,5857,33.26315789473684,
1215,361,68,118,93,82,0,259,5840,33.124653739612185,
1216,361,68,118,92,83,0,259,5842,33.227146814404435,
1217,361,69,118,92,82,0,263,5840,33.13296398891967,
1218,361,68,119,92,82,0,259,5857,33.26315789473684,
1219,361,68,118,93,82,0,259,5840,33.124653739612185,
1220,361,68,118,92,83,0,259,5842,33.227146814404435,
1221,361,69,118,92,82,0,263,5840,33.13296398891967,
1222,361,68,119,92,82,0,259,5857,33.26315789473684,
1223,361,68,118,93,82,0,259,5840,33.124653739612185,
1224,361,68,118,92,83,0,259,5842,33.227146814404435,
1225,361,69,118,92,82,0,263,5840,33.13296398891967,
1226,361,68,119,92,82,0,259,5857,33.26315789473684,
1227,361,68,118,93,82,0,259,5840,33.124653739612185,
1228,361,68,118,92,83,0,259,5842,33.227146814404435,
1229,361,69,118,92,82,0,263,5840,33.13296398891967,
1230,361,68,119,92,82,0,259,5857,33.26315789473684,
1231,361,68,118,93,82,0,259,5840,33.124653739612185,
1232,361,68,118,92,83,0,259,5842,33.227146814404435,
1233,361,69,118,92,82,0,263,5840,33.13296398891967,
1234,361,68,119,92,82,0,259,5857,33.26315789473684,
1235,361,68,118,93,82,0,259,5840,33.124653739612185,
1236,361,68,118,92,83,0,259,5842,33.227146814404435,
1237,361,69,118,92,82,0,263,5840,33.13296398891967,
1238,361,68,119,92,82,0,259,5857,33.26315789473684,
1239,361,68,118,93,82,0,259,5840,33.124653739612185,
1240,361,68,118,92,83,0,259,5842,33.227146814404435,
1241,361,69,118,92,82,0,263,5840,33.13296398891967,
1242,361,68,119,92,82,0,259,5857,33.26315789473684,
1243,361,68,118,93,82,0,259,5840,33.124653739612185,
1244,361,68,118,92,83,0,259,5842,33.227146814404435,
1245,361,69,118,92,82,0,263,5840,33.13296398891967,
1246,361,68,119,92,82,0,259,5857,33.26315789473684,
1247,361,68,118,93,82,0,259,5840,33.124653739612185,
1248,361,68,118,92,83,0,259,5842,33.227146814404435,
1249,361,69,118,92,82,0,263,5840,33.13296398891967,
1250,361,68,119,92,82,0,259,5857,33.26315789473684,
1251,361,68,118,93,82,0,259,5840,33.124653739612185,
1252,361,68,118,92,83,0,259,5842,33.227146814404435,
1253,361,69,118,92,82,0,263,5840,33.13296398891967,
1254,361,68,119,92,82,0,259,5857,33.26315789473684,
1255,361,68,118,93,82,0,259,5840,33.124653739612185,
1256,361,68,118,92,83,0,259,5842,33.227146814404435,
1257,361,69,118,92,82,0,263,5840,33.13296398891967,
1258,361,68,119,92,82,0,259,5857,33.26315789473684,
1259,361,68,118,93,82,0,259,5840,33.124653739612185,
1260,361,68,118,92,83,0,259,5842,33.227146814404435,
1261,361,69,118,92,82,0,263,5840,33.13296398891967,
1262,361,68,119,92,82,0,259,5857,33.26315789473684,
1263,361,68,118,93,82,0,259,5840,33.124653739612185,
1264,361,68,118,92,83,0,259,5842,33.227146814404435,
1265,361,69,118,92,82,0,263,5840,33.13296398891967,
1266,361,68,119,92,82,0,259,5857,33.26315789473684,
1267,361,68,118,93,82,0,259,5840,33.124653739612185,
1268,361,68,118,92,83,0,259,5842,33.227146814404435,
1269,361,69,118,92,82,0,263,5840,33.13296398891967,
1270,361,68,119,92,82,0,259,5857,33.26315789473684,
1271,361,68,118,93,82,0,259,5840,33.124653739612185,
1272,361,68,118,92,83,0,259,5842,33.227146814404435,
1273,361,69,118,92,82,0,263,5840,33.13296398891967,
1274,361,68,119,92,82,0,259,5857,33.26315789473684,
1275,361,68,118,93,82,0,259,5840,33.124653739612185,
1276,361,68,118,92,83,0,259,5842,33.227146814404435,
1277,361,69,118,92,82,0,263,5840,33.13296398891967,
1278,361,68,119,92,82,0,259,5857,33.26315789473684,
1279,361,68,118,93,82,0,259,5840,33.124653739612185,
1280,361,68,118,92,83,0,259,5842,33.227146814404435,
1281,361,69,118,92,82,0,263,5840,33.13296398891967,
1282,361,68,119,92,82,0,259,5857,33.26315789473684,
1283,361,68,118,93,82,0,259,5840,33.124653739612185,
1284,361,68,118,92,83,0,259,5842,33.227146814404435,
1285,361,69,118,92,82,0,263,5840,33.13296398891967,
1286,361,68,119,92,82,0,259,5857,33.26315789473684,
1287,361,68,118,93,82,0,259,5840,33.124653739612185,
1288,361,68,118,92,83,0,259,5842,33.227146814404435,
1289,361,69,118,92,82,0,263,5840,33.13296398891967,
1290,361,68,119,92,82,0,259,5857,33.26315789473684,
1291,361,68,118,93,82,0,259,5840,33.124653739612185,
1292,361,68,118,92,83,0,259,5842,33.227146814404435,
1293,361,69,118,92,82,0,263,5840,33.13296398891967,
1294,361,68,119,92,82,0,259,5857,33.26315789473684,
1295,361,68,118,93,82,0,259,5840,33.124653739612185,
1296,361,68,118,92,83,0,259,5842,33.227146814404435,
1297,361,69,118,92,82,0,263,5840,33.13296398891967,
1298,361,68,119,92,82,0,259,5857,33.26315789473684,
1299,361,68,118,93,82,0,259,5840,33.124653739612185,
1300,361,68,118,92,83,0,259,5842,33.227146814404435,
1301,361,69,118,92,82,0,263,5840,33.13296398891967,
1302,361,68,119,92,82,0,259,5857,33.26315789473684,
1303,361,68,118,93,82,0,259,5840,33.124653739612185,
1304,361,68,118,92,83,0,259,5842,33.227146814404435,
1305,361,69,118,92,82,0,263,5840,33.13296398891967,
1306,361,68,119,92,82,0,259,5857,33.26315789473684,
1307,361,68,118,93,82,0,259,5840,33.124653739612185,
1308,361,68,118,92,83,0,259,5842,33.227146814404435,
1309,361,69,118,92,82,0,263,5840,33.13296398891967,
1310,361,68,119,92,82,0,259,5857,33.26315789473684,
1311,361,68,118,93,82,0,259,5840,33.124653739612185,
1312,361,68,118,92,83,0,259,5842,33.227146814404435,
1313,361,69,118,92,82,0,263,5840,33.13296398891967,
1314,361,68,119,92,82,0,259,5857,33.26315789473684,
1315,361,68,118,93,82,0,259,5840,33.124653739612185,
1316,361,68,118,92,83,0,259,5842,33.227146814404435,
1317,361,69,118,92,82,0,263,5840,33.13296398891967,
1318,361,68,119,92,82,0,259,5857,33.26315789473684,
1319,361,68,118,93,82,0,259,5840,33.124653739612185,
1320,361,68,118,92,83,0,259,5842,33.227146814404435,
1321,361,69,118,92,82,0,263,5840,33.13296398891967,
1322,361,68,119,92,82,0,259,5857,33.26315789473684,
1323,361,68,118,93,82,0,259,5840,33.124653739612185,
1324,361,68,118,92,83,0,259,5842,33.227146814404435,
1325,361,69,118,92,82,0,263,5840,33.13296398891967,
1326,361,68,119,92,82,0,259,5857,33.26315789473684,
1327,361,68,118,93,82,0,259,5840,33.124653739612185,
1328,361,68,118,92,83,0,259,5842,33.227146814404435,
1329,361,69,118,92,82,0,263,5840,33.13296398891967,
1330,361,68,119,92,82,0,259,5857,33.26315789473684,
1331,361,68,118,93,82,0,259,5840,33.124653739612185,
1332,361,68,118,92,83,0,259,5842,33.227146814404435,
1333,361,69,118,92,82,0,263,5840,33.13296398891967,
1334,361,68,119,92,82,0,259,5857,33.26315789473684,
1335,361,68,118,93,82,0,259,5840,33.124653739612185,
1336,361,68,118,92,83,0,259,5842,33.227146814404435,
1337,361,69,118,92,82,0,263,5840,33.13296398891967,
1338,361,68,119,92,82,0,259,5857,33.26315789473684,
1339,361,68,118,93,82,0,259,5840,33.124653739612185,
1340,361,68,118,92,83,0,259,5842,33.227146814404435,
1341,361,69,118,92,82,0,263,5840,33.13296398891967,
1342,361,68,119,92,82,0,259,5857,33.26315789473684,
1343,361,68,118,93,82,0,259,5840,33.124653739612185,
1344,361,68,118,92,83,0,259,5842,33.227146814404435,
1345,361,69,118,92,82,0,263,5840,33.13296398891967,
1346,361,68,119,92,82,0,259,5857,33.26315789473684,
1347,361,68,118,93,82,0,259,5840,33.124653739612185,
1348,361,68,118,92,83,0,259,5842,33.227146814404435,
1349,361,69,118,92,82,0,263,5840,33.13296398891967,
1350,361,68,119,92,82,0,259,5857,33.26315789473684,
1351,361,68,118,93,82,0,259,5840,33.124653739612185,
1352,361,68,118,92,83,0,259,5842,33.227146814404435,
1353,361,69,118,92,82,0,263,5840,33.13296398891967,
1354,361,68,119,92,82,0,259,5857,33.26315789473684,
1355,361,68,118,93,82,0,259,5840,33.124653739612185,
1356,361,68,118,92,83,0,259,5842,33.227146814404435,
1357,361,69,118,92,82,0,263,5840,33.13296398891967,
1358,361,68,119,92,82,0,259,5857,33.26315789473684,
1359,361,68,118,93,82,0,259,5840,33.124653739612185,
1360,361,68,118,92,83,0,259,5842,33.227146814404435,
1361,361,69,118,92,82,0,263,5840,33.13296398891967,
1362,361,68,119,92,82,0,259,5857,33.26315789473684,
1363,361,68,118,93,82,0,259,5840,33.124653739612185,
1364,361,68,118,92,83,0,259,5842,33.227146814404435,
1365,361,69,118,92,82,0,263,5840,33.13296398891967,
1366,361,68,119,92,82,0,259,5857,33.26315789473684,
1367,361,68,118,93,82,0,259,5840,33.124653739612185,
1368,361,68,118,92,83,0,259,5842,33.227146814404435,
1369,361,69,118,92,82,0,263,5840,33.13296398891967,
1370,361,68,119,92,82,0,259,5857,33.26315789473684,
1371,361,68,118,93,82,0,259,5840,33.124653739612185,
1372,361,68,118,92,83,0,259,5842,33.227146814404435,
1373,361,69,118,92,82,0,263,5840,33.13296398891967,
1374,361,68,119,92,82,0,259,5857,33.26315789473684,
1375,361,68,118,93,82,0,259,5840,33.124653739612185,
1376,361,68,118,92,83,0,259,5842,33.227146814404435,
1377,361,69,118,92,82,0,263,5840,33.13296398891967,
1378,361,68,119,92,82,0,259,5857,33.26315789473684,
1379,361,68,118,93,82,0,259,5840,33.124653739612185,
1380,361,68,118,92,83,0,259,5842,33.227146814404435,
1381,361,69,118,92,82,0,263,5840,33.13296398891967,
1382,361,68,119,92,82,0,259,5857,33.26315789473684,
1383,361,68,118,93,82,0,259,5840,33.124653739612185,
1384,361,68,118,92,83,0,259,5842,33.227146814404435,
1385,361,69,118,92,82,0,263,5840,33.13296398891967,
1386,361,68,119,92,82,0,259,5857,33.26315789473684,
1387,361,68,118,93,82,0,259,5840,33.124653739612185,
1388,361,68,118,92,83,0,259,5842,33.227146814404435,
1389,361,69,118,92,82,0,263,5840,33.13296398891967,
1390,361,68,119,92,82,0,259,5857,33.26315789473684,
1391,361,68,118,93,82,0,259,5840,33.124653739612185,
1392,361,68,118,92,83,0,259,5842,33.227146814404435,
1393,361,69,118,92,82,0,263,5840,33.13296398891967,
1394,361,68,119,92,82,0,259,5857,33.26315789473684,
1395,361,68,118,93,82,0,259,5840,33.124653739612185,
1396,361,68,118,92,83,0,259,5842,33.227146814404435,
1397,361,69,118,92,82,0,263,5840,33.13296398891967,
1398,361,68,119,92,82,0,259,5857,33.26315789473684,
1399,361,68,118,93,82,0,259,5840,33.124653739612185,
1400,361,68,118,92,83,0,259,5842,33.227146814404435,
1401,361,69,118,92,82,0,263,5840,33.13296398891967,
1402,361,68,119,92,82,0,259,5857,33.26315789473684,
1403,361,68,118,93,82,0,259,5840,33.124653739612185,
1404,361,68,118,92,83,0,259,5842,33.227146814404435,
1405,361,69,118,92,82,0,263,5840,33.13296398891967,
1406,361,68,119,92,82,0,259,5857,33.26315789473684,
1407,361,68,118,93,82,0,259,5840,33.124653739612185,
1408,361,68,118,92,83,0,259,5842,33.227146814404435,
1409,361,69,118,92,82,0,263,5840,33.13296398891967,
1410,361,68,119,92,82,0,259,5857,33.26315789473684,
1411,361,68,118,93,82,0,259,5840,33.124653739612185,
1412,361,68,118,92,83,0,259,5842,33.227146814404435,
1413,361,69,118,92,82,0,263,5840,33.13296398891967,
1414,361,68,119,92,82,0,259,5857,33.26315789473684,
1415,361,68,118,93,82,0,259,5840,33.124653739612185,
1416,361,68,118,92,83,0,259,5842,33.227146814404435,
1417,361,69,118,92,82,0,263,5840,33.13296398891967,
1418,361,68,119,92,82,0,259,5857,33.26315789473684,
1419,361,68,118,93,82,0,259,5840,33.124653739612185,
1420,361,68,118,92,83,0,259,5842,33.227146814404435,
1421,361,69,118,92,82,0,263,5840,33.13296398891967,
1422,361,68,119,92,82,0,259,5857,33.26315789473684,
1423,361,68,118,93,82,0,259,5840,33.124653739612185,
1424,361,68,118,92,83,0,259,5842,33.227146814404435,
1425,361,69,118,92,82,0,263,5840,33.13296398891967,
1426,361,68,119,92,82,0,259,5857,33.26315789473684,
1427,361,68,118,93,82,0,259,5840,33.124653739612185,
1428,361,68,118,92,83,0,259,5842,33.227146814404435,
1429,361,69,118,92,82,0,263,5840,33.13296398891967,
1430,361,68,119,92,82,0,259,5857,33.26315789473684,
1431,361,68,118,93,82,0,259,5840,33.124653739612185,
1432,361,68,118,92,83,0,259,5842,33.227146814404435,
1433,361,69,118,92,82,0,263,5840,33.13296398891967,
1434,361,68,119,92,82,0,259,5857,33.26315789473684,
1435,361,68,118,93,82,0,259,5840,33.124653739612185,
1436,361,68,118,92,83,0,259,5842,33.227146814404435,
1437,361,69,118,92,82,0,263,5840,33.13296398891967,
1438,361,68,119,92,82,0,259,5857,33.26315789473684,
1439,361,68,118,93,82,0,259,5840,33.124653739612185,
1440,361,68,118,92,83,0,259,5842,33.227146814404435,
1441,361,69,118,92,82,0,263,5840,33.13296398891967,
1442,361,68,119,92,82,0,259,5857,33.26315789473684,
1443,361,68,118,93,82,0,259,5840,33.124653739612185,
1444,361,68,118,92,83,0,259,5842,33.227146814404435,
1445,361,69,118,92,82,0,263,5840,33.13296398891967,
1446,361,68,119,92,82,0,259,5857,33.26315789473684,
1447,361,68,118,93,82,0,259,5840,33.124653739612185,
1448,361,68,118,92,83,0,259,5842,33.227146814404435,
1449,361,69,118,92,82,0,263,5840,33.13296398891967,
1450,361,68,119,92,82,0,259,5857,33.26315789473684,
1451,361,68,118,93,82,0,259,5840,33.124653739612185,
1452,361,68,118,92,83,0,259,5842,33.227146814404435,
1453,361,69,118,92,82,0,263,5840,33.13296398891967,
1454,361,68,119,92,82,0,259,5857,33.26315789473684,
1455,361,68,118,93,82,0,259,5840,33.124653739612185,
1456,361,68,118,92,83,0,259,5842,33.227146814404435,
1457,361,69,118,92,82,0,263,5840,33.13296398891967,
1458,361,68,119,92,82,0,259,5857,33.26315789473684,
1459,361,68,118,93,82,0,259,5840,33.124653739612185,
1460,361,68,118,92,83,0,259,5842,33.227146814404435,
1461,361,69,118,92,82,0,263,5840,33.13296398891967,
1462,361,68,119,92,82,0,259,5857,33.26315789473684,
1463,361,68,118,93,82,0,259,5840,33.124653739612185,
1464,361,68,118,92,83,0,259,5842,33.227146814404435,
1465,361,69,118,92,82,0,263,5840,33.13296398891967,
1466,361,68,119,92,82,0,259,5857,33.26315789473684,
1467,361,68,118,93,82,0,259,5840,33.124653739612185,
1468,361,68,118,92,83,0,259,5842,33.227146814404435,
1469,361,69,118,92,82,0,263,5840,33.13296398891967,
1470,361,68,119,92,82,0,259,5857,33.26315789473684,
1471,361,68,118,93,82,0,259,5840,33.124653739612185,
1472,361,68,118,92,83,0,259,5842,33.227146814404435,
1473,361,69,118,92,82,0,263,5840,33.13296398891967,
1474,361,68,119,92,82,0,259,5857,33.26315789473684,
1475,361,68,118,93,82,0,259,5840,33.124653739612185,
1476,361,68,118,92,83,0,259,5842,33.227146814404435,
1477,361,69,118,92,82,0,263,5840,33.13296398891967,
1478,361,68,119,92,82,0,259,5857,33.26315789473684,
1479,361,68,118,93,82,0,259,5840,33.124653739612185,
1480,361,68,118,92,83,0,259,5842,33.227146814404435,
1481,361,69,118,92,82,0,263,5840,33.13296398891967,
1482,361,68,119,92,82,0,259,5857,33.26315789473684,
1483,361,68,118,93,82,0,259,5840,33.124653739612185,
1484,361,68,118,92,83,0,259,5842,33.227146814404435,
1485,361,69,118,92,82,0,263,5840,33.13296398891967,
1486,361,68,119,92,82,0,259,5857,33.26315789473684,
1487,361,68,118,93,82,0,259,5840,33.124653739612185,
1488,361,68,118,92,83,0,259,5842,33.227146814404435,
1489,361,69,118,92,82,0,263,5840,33.13296398891967,
1490,361,68,119,92,82,0,259,5857,33.26315789473684,
1491,361,68,118,93,82,0,259,5840,33.124653739612185,
1492,361,68,118,92,83,0,259,5842,33.227146814404435,
1493,361,69,118,92,82,0,263,5840,33.13296398891967,
1494,361,68,119,92,82,0,259,5857,33.26315789473684,
1495,361,68,118,93,82,0,259,5840,33.124653739612185,
1496,361,68,118,92,83,0,259,5842,33.227146814404435,
1497,361,69,118,92,82,0,263,5840,33.13296398891967,
1498,361,68,119,92,82,0,259,5857,33.26315789473684,
1499,361,68,118,93,82,0,259,5840,33.124653739612185,
1500,361,68,118,92,83,0,259,5842,33.227146814404435,
1501,361,69,118,92,82,0,263,5840,33.13296398891967,
1502,361,68,119,92,82,0,259,5857,33.26315789473684,
1503,361,68,118,93,82,0,259,5840,33.124653739612185,
1504,361,68,118,92,83,0,259,5842,33.227146814404435,
1505,361,69,118,92,82,0,263,5840,33.13296398891967,
1506,361,68,119,92,82,0,259,5857,33.26315789473684,
1507,361,68,118,93,82,0,259,5840,33.124653739612185,
1508,361,68,118,92,83,0,259,5842,33.227146814404435,
1509,361,69,118,92,82,0,263,5840,33.13296398891967,
1510,361,68,119,92,82,0,259,5857,33.26315789473684,
1511,361,68,118,93,82,0,259,5840,33.124653739612185,
1512,361,68,118,92,83,0,259,5842,33.227146814404435,
1513,361,69,118,92,82,0,263,5840,33.13296398891967,
1514,361,68,119,92,82,0,259,5857,33.26315789473684,
1515,361,68,118,93,82,0,259,5840,33.124653739612185,
1516,361,68,118,92,83,0,259,5842,33.227146814404435,
1517,361,69,118,92,82,0,263,5840,33.13296398891967,
1518,361,68,119,92,82,0,259,5857,33.26315789473684,
1519,361,68,118,93,82,0,259,5840,33.124653739612185,
1520,361,68,118,92,83,0,259,5842,33.227146814404435,
1521,361,69,118,92,82,0,263,5840,33.13296398891967,
1522,361,68,119,92,82,0,259,5857,33.26315789473684,
1523,361,68,118,93,82,0,259,5840,33.124653739612185,
1524,361,68,118,92,83,0,259,5842,33.227146814404435,
1525,361,69,118,92,82,0,263,5840,33.13296398891967,
1526,361,68,119,92,82,0,259,5857,33.26315789473684,
1527,361,68,118,93,82,0,259,5840,33.124653739612185,
1528,361,68,118,92,83,0,259,5842,33.227146814404435,
1529,361,69,118,92,82,0,263,5840,33.13296398891967,
1530,361,68,119,92,82,0,259,5857,33.26315789473684,
1531,361,68,118,93,82,0,259,5840,33.124653739612185,
1532,361,68,118,92,83,0,259,5842,33.227146814404435,
1533,361,69,118,92,82,0,263,5840,33.13296398891967,
1534,361,68,119,92,82,0,259,5857,33.26315789473684,
1535,361,68,118,93,82,0,259,5840,33.124653739612185,
1536,361,68,118,92,83,0,259,5842,33.227146814404435,
1537,361,69,118,92,82,0,263,5840,33.13296398891967,
1538,361,68,119,92,82,0,259,5857,33.26315789473684,
1539,361,68,118,93,82,0,259,5840,33.124653739612185,
1540,361,68,118,92,83,0,259,5842,33.227146814404435,
1541,361,69,118,92,82,0,263,5840,33.13296398891967,
1542,361,68,119,92,82,0,259,5857,33.26315789473684,
1543,361,68,118,93,82,0,259,5840,33.124653739612185,
1544,361,68,118,92,83,0,259,5842,33.227146814404435,
1545,361,69,118,92,82,0,263,5840,33.13296398891967,
1546,361,68,119,92,82,0,259,5857,33.26315789473684,
1547,361,68,118,93,82,0,259,5840,33.124653739612185,
1548,361,68,118,92,83,0,259,5842,33.227146814404435,
1549,361,69,118,92,82,0,263,5840,33.13296398891967,
1550,361,68,119,92,82,0,259,5857,33.26315789473684,
1551,361,68,118,93,82,0,259,5840,33.124653739612185,
1552,361,68,118,92,83,0,259,5842,33.227146814404435,
1553,361,69,118,92,82,0,263,5840,33.13296398891967,
1554,361,68,119,92,82,0,259,5857,33.26315789473684,
1555,361,68,118,93,82,0,259,5840,33.124653739612185,
1556,361,68,118,92,83,0,259,5842,33.227146814404435,
1557,361,69,118,92,82,0,263,5840,33.13296398891967,
1558,361,68,119,92,82,0,259,5857,33.26315789473684,
1559,361,68,118,93,82,0,259,5840,33.124653739612185,
1560,361,68,118,92,83,0,259,5842,33.227146814404435,
1561,361,69,118,92,82,0,263,5840,33.13296398891967,
1562,361,68,119,92,82,0,259,5857,33.26315789473684,
1563,361,68,118,93,82,0,259,5840,33.124653739612185,
1564,361,68,118,92,83,0,259,5842,33.227146814404435,
1565,361,69,118,92,82,0,263,5840,33.13296398891967,
1566,361,68,119,92,82,0,259,5857,33.26315789473684,
1567,361,68,118,93,82,0,259,5840,33.124653739612185,
1568,361,68,118,92,83,0,259,5842,33.227146814404435,
1569,361,69,118,92,82,0,263,5840,33.13296398891967,
1570,361,68,119,92,82,0,259,5857,33.26315789473684,
1571,361,68,118,93,82,0,259,5840,33.124653739612185,
1572,361,68,118,92,83,0,259,5842,33.227146814404435,
1573,361,69,118,92,82,0,263,5840,33.13296398891967,
1574,361,68,119,92,82,0,259,5857,33.26315789473684,
1575,361,68,118,93,82,0,259,5840,33.124653739612185,
1576,361,68,118,92,83,0,259,5842,33.227146814404435,
1577,361,69,118,92,82,0,263,5840,33.13296398891967,
1578,361,68,119,92,82,0,259,5857,33.26315789473684,
1579,361,68,118,93,82,0,259,5840,33.124653739612185,
1580,361,68,118,92,83,0,259,5842,33.227146814404435,
1581,361,69,118,92,82,0,263,5840,33.13296398891967,
1582,361,68,119,92,82,0,259,5857,33.26315789473684,
1583,361,68,118,93,82,0,259,5840,33.124653739612185,
1584,361,68,118,92,83,0,259,5842,33.227146814404435,
1585,361,69,118,92,82,0,263,5840,33.13296398891967,
1586,361,68,119,92,82,0,259,5857,33.26315789473684,
1587,361,68,118,93,82,0,259,5840,33.124653739612185,
1588,361,68,118,92,83,0,259,5842,33.227146814404435,
1589,361,69,118,92,82,0,263,5840,33.13296398891967,
1590,361,68,119,92,82,0,259,5857,33.26315789473684,
1591,361,68,118,93,82,0,259,5840,33.124653739612185,
1592,361,68,118,92,83,0,259,5842,33.227146814404435,
1593,361,69,118,92,82,0,263,5840,33.13296398891967,
1594,361,68,119,92,82,0,259,5857,33.26315789473684,
1595,361,68,118,93,82,0,259,5840,33.124653739612185,
1596,361,68,118,92,83,0,259,5842,33.227146814404435,
1597,361,69,118,92,82,0,263,5840,33.13296398891967,
1598,361,68,119,92,82,0,259,5857,33.26315789473684,
1599,361,68,118,93,82,0,259,5840,33.124653739612185,
1600,361,68,118,92,83,0,259,5842,33.227146814404435,
